/*
SQLyog Professional v12.08 (64 bit)
MySQL - 5.7.22-log : Database - guangzhou_college
*********************************************************************
*/

/*!40101 SET NAMES utf8 */;

/*!40101 SET SQL_MODE=''*/;

/*!40014 SET @OLD_UNIQUE_CHECKS=@@UNIQUE_CHECKS, UNIQUE_CHECKS=0 */;
/*!40014 SET @OLD_FOREIGN_KEY_CHECKS=@@FOREIGN_KEY_CHECKS, FOREIGN_KEY_CHECKS=0 */;
/*!40101 SET @OLD_SQL_MODE=@@SQL_MODE, SQL_MODE='NO_AUTO_VALUE_ON_ZERO' */;
/*!40111 SET @OLD_SQL_NOTES=@@SQL_NOTES, SQL_NOTES=0 */;
CREATE DATABASE /*!32312 IF NOT EXISTS*/`guangzhou_college` /*!40100 DEFAULT CHARACTER SET utf8 */;

USE `guangzhou_college`;

/*Table structure for table `sys_new_menu` */

DROP TABLE IF EXISTS `sys_new_menu`;

CREATE TABLE `sys_new_menu` (
  `id` int(11) NOT NULL AUTO_INCREMENT,
  `parent_id` int(11) NOT NULL COMMENT '父级编号',
  `parent_ids` varchar(255) NOT NULL COMMENT '所有父级编号',
  `name` varchar(100) NOT NULL COMMENT '菜单名称',
  `sort` int(11) DEFAULT NULL COMMENT '排序（升序）',
  `is_show` char(1) DEFAULT NULL COMMENT '是否在菜单中显示（1：显示；0：不显示）',
  `target` varchar(25) DEFAULT NULL COMMENT '菜单名称',
  `href` varchar(100) DEFAULT NULL COMMENT '菜单名称',
  `permission` varchar(200) DEFAULT NULL COMMENT '权限标识',
  `icon` varchar(100) DEFAULT NULL COMMENT '图标',
  `create_by` int(11) DEFAULT NULL COMMENT '创建者',
  `create_date` datetime DEFAULT NULL COMMENT '创建时间',
  `update_by` int(11) DEFAULT NULL COMMENT '更新者',
  `update_date` datetime DEFAULT NULL COMMENT '更新时间',
  `remarks` varchar(255) DEFAULT NULL COMMENT '备注信息',
  `del_flag` char(1) NOT NULL DEFAULT '0' COMMENT '删除标记（0：正常；1：删除）',
  PRIMARY KEY (`id`)
) ENGINE=InnoDB AUTO_INCREMENT=398 DEFAULT CHARSET=utf8;

/*Data for the table `sys_new_menu` */

insert  into `sys_new_menu`(`id`,`parent_id`,`parent_ids`,`name`,`sort`,`is_show`,`target`,`href`,`permission`,`icon`,`create_by`,`create_date`,`update_by`,`update_date`,`remarks`,`del_flag`) values (1,0,'0,','顶级菜单',NULL,'0',NULL,NULL,NULL,NULL,1,'2020-06-16 01:00:27',1,'2020-06-16 01:00:38',NULL,'0'),(6,1,'0,1,','系统管理',10,'1','','/system','','',1,'2014-11-21 15:36:20',1,'2020-10-24 10:06:19',NULL,'1'),(7,6,'0,1,6,','系统管理',10,'1',NULL,'/system/systemConfig',NULL,NULL,1,'2013-11-21 15:54:28',1,'2020-10-24 10:06:19',NULL,'1'),(73,6,'0,1,6,','机型管理',30,'1','','/system/deviceConfig','','',1,'2014-12-24 09:43:21',1,'2020-10-24 10:06:19',NULL,'1'),(363,1,'0,1,','admin权限',0,'1',NULL,'/admin','',NULL,2,'2020-06-14 22:11:36',2,'2020-06-14 22:11:36','','0'),(364,363,'0,1,363,','用户管理',0,'1',NULL,'/admin/user','sys:user:view','false',2,'2020-06-14 22:11:50',2,'2020-06-14 22:11:50',NULL,'0'),(365,363,'0,1,363,','角色管理',0,'1',NULL,'/admin/role','sys:role:view','false',2,'2020-06-14 22:12:04',2,'2020-06-14 22:12:04',NULL,'0'),(366,363,'0,1,363,','菜单管理',0,'1',NULL,'/admin/menu','sys:menu:view','false',2,'2020-06-14 22:12:21',2,'2020-06-14 22:12:21',NULL,'0'),(367,1,'0,1,','订单管理',0,'1',NULL,'/order','',NULL,2,'2020-06-14 22:12:46',2,'2020-10-24 10:06:32','','1'),(368,367,'0,1,367,','订单列表',0,'1',NULL,'/order/list','','false',2,'2020-06-14 22:12:57',2,'2020-10-24 10:06:32',NULL,'1'),(369,1,'0,1,','顶部菜单管理',1,'1',NULL,'/goodsList','',NULL,2,'2020-06-14 22:13:12',2,'2020-10-24 14:39:33','','0'),(370,1,'0,1,','技术指导管理',2,'1',NULL,'/shopList','',NULL,2,'2020-06-14 22:13:28',2,'2020-10-25 21:32:00','','0'),(371,1,'0,1,','sku管理',0,'0',NULL,'/sku','',NULL,2,'2020-06-14 22:13:43',2,'2020-10-24 10:05:45','','1'),(374,371,'0,1,371,','sku类型列表',0,'1',NULL,'/sku/skuType','','false',2,'2020-06-14 22:14:29',2,'2020-10-24 10:05:45',NULL,'1'),(375,371,'0,1,371,','sku明细列表',0,'1',NULL,'/sku/detail','','false',2,'2020-06-14 22:14:38',2,'2020-10-24 10:05:45',NULL,'1'),(376,1,'0,1,','首页视频管理',3,'1',NULL,'/active','',NULL,2,'2020-06-14 22:14:57',2,'2020-10-25 21:32:07','','0'),(377,1,'0,1,','全局配置管理',5,'1',NULL,'/category','',NULL,2,'2020-06-14 22:15:15',2,'2020-10-24 14:36:45','','0'),(378,1,'0,1,','实验成绩管理',7,'1',NULL,'/experimentalResults','',NULL,2,'2020-06-14 22:15:30',2,'2020-10-24 22:01:16','','0'),(379,1,'0,1,','体验券',0,'1',NULL,'/experience','',NULL,2,'2020-06-14 22:15:44',2,'2020-10-24 21:48:27','','1'),(380,1,'0,1,','PDF文件管理',4,'1',NULL,'/coupon','',NULL,2,'2020-06-14 22:16:01',2,'2020-10-25 21:31:50','','0'),(381,1,'0,1,','库存管理',0,'1',NULL,'/shopStorage','',NULL,2,'2020-06-14 22:16:12',2,'2020-10-24 21:49:59','','1'),(382,1,'0,1,','资产管理',0,'0',NULL,'/asset','',NULL,2,'2020-06-14 22:16:51',2,'2020-10-24 10:05:49','','1'),(384,1,'0,1,','实验用户列表',6,'1',NULL,'/userList','',NULL,2,'2020-06-14 22:17:19',2,'2020-10-24 10:10:30','','0'),(385,1,'0,1,','优惠企业列表',0,'1',NULL,'/preferentialCompany','',NULL,2,'2020-06-14 22:17:40',2,'2020-10-24 21:48:33','','1'),(386,1,'0,1,','推荐管理',0,'1',NULL,'/recommend','',NULL,2,'2020-06-14 22:17:54',2,'2020-10-24 10:07:08','','1'),(387,1,'0,1,','统计报表',0,'1',NULL,'/reportForms','',NULL,2,'2020-06-14 22:18:10',2,'2020-10-24 10:05:52','','1'),(388,387,'0,1,387,','营业额统计',0,'1',NULL,'/turnoverForms','','false',2,'2020-06-14 22:18:34',2,'2020-10-24 10:05:52',NULL,'1'),(390,387,'0,1,387,','订单统计',0,'1',NULL,'/orderForms','','false',2,'2020-06-14 22:21:33',2,'2020-10-24 10:05:52',NULL,'1'),(391,382,'0,1,382,','打印机管理',0,'1',NULL,'/asset/print','','false',2,'2020-06-14 22:30:12',2,'2020-10-24 10:05:49',NULL,'1'),(392,391,'0,1,382,391,','查看',0,'1',NULL,'/asset/print',NULL,'false',2,'2020-06-16 01:11:20',2,'2020-10-24 10:05:49',NULL,'1'),(393,364,'0,1,363,364,','查看',0,'1',NULL,'','user:info:view',NULL,2,'2020-06-16 01:30:28',2,'2020-06-16 01:30:28','','0'),(394,364,'0,1,363,364,','编辑',0,'1',NULL,'','user:info:edit','false',2,'2020-06-16 01:30:58',2,'2020-06-16 01:30:58',NULL,'0'),(395,368,'0,1,367,368,','查看',0,'1',NULL,'','sys:order:view','false',2,'2020-06-16 02:08:48',2,'2020-10-24 10:06:32',NULL,'1'),(396,368,'0,1,367,368,','编辑',0,'1',NULL,'','sys:order:edit','false',2,'2020-06-16 02:09:10',2,'2020-10-24 10:06:32',NULL,'1'),(397,1,'0,1,','免支付用户',0,'1',NULL,'/freeUser','',NULL,2,'2020-07-17 00:46:57',2,'2020-10-24 21:48:36','','1');

/*Table structure for table `sys_new_role` */

DROP TABLE IF EXISTS `sys_new_role`;

CREATE TABLE `sys_new_role` (
  `id` int(11) NOT NULL AUTO_INCREMENT,
  `name` varchar(100) NOT NULL COMMENT '角色名称',
  `data_scope` varchar(25) NOT NULL,
  `create_by` int(11) DEFAULT NULL COMMENT '创建者',
  `create_date` datetime DEFAULT NULL COMMENT '创建时间',
  `update_by` int(11) DEFAULT NULL COMMENT '更新者',
  `update_date` datetime DEFAULT NULL COMMENT '更新时间',
  `remarks` varchar(255) DEFAULT NULL COMMENT '备注信息',
  `del_flag` char(1) NOT NULL DEFAULT '0' COMMENT '删除标记（0：正常；1：删除）',
  `role_type` char(1) NOT NULL DEFAULT '0' COMMENT '角色类型：（0测试  1运营   2公共）',
  `tab_auth` varchar(255) DEFAULT NULL COMMENT '此角色的tab权限',
  PRIMARY KEY (`id`)
) ENGINE=InnoDB AUTO_INCREMENT=89 DEFAULT CHARSET=utf8;

/*Data for the table `sys_new_role` */

insert  into `sys_new_role`(`id`,`name`,`data_scope`,`create_by`,`create_date`,`update_by`,`update_date`,`remarks`,`del_flag`,`role_type`,`tab_auth`) values (1,'普通用户','0',1,'2014-11-12 09:28:56',1,'2019-12-09 17:39:05','测试','0','1','谢伟峰图片'),(4,'运营管理员','0',1,'2015-03-03 13:53:48',2,'2020-10-15 00:06:41','角色信息描述','0','1',''),(85,'加盟商店长角色','0',2,'2020-06-16 01:45:56',2,'2020-07-17 00:50:40','加盟商店长角色','0','1',NULL),(86,'普通操作员','0',2,'2020-06-21 11:07:06',2,'2020-06-21 11:07:06','普通操作员权限','0','0',NULL),(87,'超级用户','0',2,'2020-06-21 23:35:19',2,'2020-06-21 23:35:19','超级用户','0','1',NULL),(88,'eecup总部员工','0',194,'2020-06-22 00:14:23',2,'2020-07-17 00:47:06','eecup总部员工','0','1',NULL);

/*Table structure for table `sys_new_role_menu` */

DROP TABLE IF EXISTS `sys_new_role_menu`;

CREATE TABLE `sys_new_role_menu` (
  `role_id` int(11) NOT NULL COMMENT '角色编号',
  `menu_id` int(11) NOT NULL COMMENT '操作编号',
  PRIMARY KEY (`role_id`,`menu_id`)
) ENGINE=InnoDB DEFAULT CHARSET=utf8;

/*Data for the table `sys_new_role_menu` */

insert  into `sys_new_role_menu`(`role_id`,`menu_id`) values (1,1),(1,6),(1,7),(4,1),(4,6),(4,7),(4,73),(4,363),(4,364),(4,365),(4,366),(4,367),(4,368),(4,369),(4,370),(4,371),(4,374),(4,375),(4,376),(4,377),(4,378),(4,379),(4,380),(4,381),(4,382),(4,384),(4,385),(4,386),(4,387),(4,388),(4,390),(4,391),(4,392),(4,393),(4,394),(4,395),(4,396),(4,397),(4,398),(85,6),(85,7),(85,73),(85,367),(85,368),(85,377),(85,381),(85,384),(85,385),(85,387),(85,388),(85,390),(85,395),(85,396),(85,397),(86,367),(86,368),(86,381),(86,395),(86,396),(87,1),(87,6),(87,7),(87,73),(87,363),(87,364),(87,365),(87,366),(87,367),(87,368),(87,369),(87,370),(87,371),(87,374),(87,375),(87,376),(87,377),(87,378),(87,379),(87,380),(87,381),(87,382),(87,384),(87,385),(87,386),(87,387),(87,388),(87,390),(87,391),(87,392),(87,393),(87,394),(87,395),(87,396),(88,6),(88,7),(88,73),(88,367),(88,368),(88,369),(88,370),(88,371),(88,374),(88,375),(88,376),(88,377),(88,378),(88,379),(88,380),(88,381),(88,382),(88,384),(88,385),(88,386),(88,387),(88,388),(88,390),(88,391),(88,392),(88,395),(88,396),(88,397);

/*Table structure for table `sys_new_role_role` */

DROP TABLE IF EXISTS `sys_new_role_role`;

CREATE TABLE `sys_new_role_role` (
  `role_id` int(11) NOT NULL,
  `low_role_id` int(11) NOT NULL,
  PRIMARY KEY (`role_id`,`low_role_id`)
) ENGINE=InnoDB DEFAULT CHARSET=utf8;

/*Data for the table `sys_new_role_role` */

insert  into `sys_new_role_role`(`role_id`,`low_role_id`) values (1,1),(4,4),(5,5),(6,6),(7,6),(8,6),(9,6),(10,6),(11,6),(12,6),(13,6),(14,6),(17,5),(17,15),(18,18),(19,6),(20,6),(21,5),(23,5),(25,5),(28,28),(30,21),(31,5),(31,21),(42,41),(48,48),(53,53);

/*Table structure for table `sys_new_user` */

DROP TABLE IF EXISTS `sys_new_user`;

CREATE TABLE `sys_new_user` (
  `id` int(11) NOT NULL AUTO_INCREMENT,
  `login_name` varchar(64) NOT NULL,
  `name` varchar(64) NOT NULL,
  `password` varchar(255) NOT NULL,
  `salt` varchar(64) NOT NULL,
  `register_date` timestamp NOT NULL DEFAULT '0000-00-00 00:00:00',
  `email` varchar(200) NOT NULL COMMENT '邮箱',
  `phone` varchar(200) DEFAULT NULL COMMENT '电话',
  `mobile` varchar(200) DEFAULT NULL COMMENT '手机',
  `user_type` char(1) DEFAULT NULL COMMENT '用户类型',
  `login_ip` varchar(100) DEFAULT NULL COMMENT '最后登陆IP',
  `login_date` datetime DEFAULT NULL COMMENT '最后登陆时间',
  `create_by` int(11) DEFAULT NULL COMMENT '创建者',
  `create_date` datetime DEFAULT NULL COMMENT '创建时间',
  `update_by` int(11) DEFAULT NULL COMMENT '更新者',
  `update_date` datetime DEFAULT NULL COMMENT '更新时间',
  `remarks` varchar(255) DEFAULT NULL COMMENT '备注信息',
  `del_flag` char(1) NOT NULL DEFAULT '0' COMMENT '删除标记（0：正常；1：删除）',
  `is_admin` int(2) DEFAULT '0' COMMENT '是否是超级用户',
  `store_ids` varchar(512) DEFAULT NULL COMMENT '店铺id',
  `store_name` varchar(512) DEFAULT NULL COMMENT '用户店铺名称',
  PRIMARY KEY (`id`)
) ENGINE=InnoDB AUTO_INCREMENT=198 DEFAULT CHARSET=utf8;

/*Data for the table `sys_new_user` */

insert  into `sys_new_user`(`id`,`login_name`,`name`,`password`,`salt`,`register_date`,`email`,`phone`,`mobile`,`user_type`,`login_ip`,`login_date`,`create_by`,`create_date`,`update_by`,`update_date`,`remarks`,`del_flag`,`is_admin`,`store_ids`,`store_name`) values (1,'admin','Admin','a2ce80535d31ab5d88680be89ffad607875f2372','7b070ef6323d8a88','2012-06-03 17:00:00','test@test.com','','',NULL,'127.0.0.1','2020-05-19 16:08:08',NULL,NULL,1,'2020-05-19 16:08:08','123','0',0,NULL,NULL),(2,'ylb','杨丽兵','864f7ec8441a8f82412fc89d74c2dc6b042784bd','815c6cd4f01199ab','2014-11-12 01:29:28','111@qq.com','18629671816','18629671818',NULL,'127.0.0.1','2020-05-19 19:32:38',1,'2014-11-12 09:29:28',2,'2020-05-19 19:32:38','','0',1,NULL,NULL),(174,'wangquan','王全','50bf5e7fcdf8fc549540199f024c4ba02c9405c8','cd04d4c5d4b57f86','2020-04-14 19:52:16','wangquan@ffalcon.cn',NULL,NULL,NULL,'127.0.0.1','2020-05-19 19:32:06',1,'2020-04-14 19:52:16',1,'2020-05-19 19:32:06',NULL,'0',0,NULL,NULL),(189,'tongtong','童童','60c12914d55ded0b1624367e3475a943b076ff64','c1fc5f20c00c23ff','2020-06-16 01:46:30','','','13530852671',NULL,NULL,NULL,2,'2020-06-16 01:46:30',2,'2020-06-16 01:46:30','','0',0,'12','深圳市福永同泰店'),(194,'luomingbo','罗明波','469a81b628ea858ca2700cede6238be3079ba87c','3da4a8f0f6d1877c','2020-06-21 23:39:40','','','13530852671',NULL,NULL,NULL,2,'2020-06-21 23:39:40',2,'2020-06-21 23:39:40','','0',1,'1,2,10,11,12','民治一分店,南山一分店,TCL国际E城店,江门市地王广场万岁寿司店,深圳市福永同泰店'),(195,'zhuangjt','zhuangjt','a4d6f2fdaa55085b3d1ab4caf5b22b7c3b251753','4064b52aa50b5786','2020-06-22 00:15:06','','','13554745606',NULL,NULL,NULL,194,'2020-06-22 00:15:06',194,'2020-08-09 20:22:41','','0',0,'1,2,10,14','民治一分店,南山一分店,TCL国际E城店'),(196,'licb','李陈兵','1eb578c754b34b288cffb22d4198519d6b2a50b7','b942d9319d5f58a2','2020-06-22 00:18:44','','','13827236537',NULL,NULL,NULL,194,'2020-06-22 00:18:44',194,'2020-06-22 00:20:42','','0',0,'1,2,10','民治一分店,南山一分店,TCL国际E城店'),(197,'yangf','杨芬','a6e68aaaf3473d56c46d18cb458e6d07d820c564','6253e66b5700cc4c','2020-07-11 21:35:22','','','13717031086',NULL,NULL,NULL,2,'2020-07-11 21:35:22',2,'2020-07-11 21:35:22','','0',0,'13','波顿科技园店');

/*Table structure for table `sys_new_user_role` */

DROP TABLE IF EXISTS `sys_new_user_role`;

CREATE TABLE `sys_new_user_role` (
  `user_id` int(11) NOT NULL COMMENT '用户编号',
  `role_id` int(11) NOT NULL COMMENT '角色编号',
  PRIMARY KEY (`user_id`,`role_id`)
) ENGINE=InnoDB DEFAULT CHARSET=utf8;

/*Data for the table `sys_new_user_role` */

insert  into `sys_new_user_role`(`user_id`,`role_id`) values (2,4),(3,4),(4,1),(5,4),(6,4),(7,4),(8,4),(9,2),(10,1),(10,2),(11,1),(11,2),(12,1),(12,2),(13,3),(14,1),(15,4),(16,4),(17,4),(18,6),(19,6),(20,6),(21,4),(22,6),(23,6),(24,28),(25,6),(26,4),(27,2),(28,1),(29,5),(30,5),(31,5),(32,21),(33,4),(34,4),(35,1),(36,4),(37,34),(38,4),(39,35),(40,34),(41,34),(42,38),(43,34),(44,35),(45,35),(46,42),(47,4),(48,34),(49,2),(50,35),(51,35),(52,35),(53,34),(54,46),(55,34),(56,34),(57,34),(58,1),(59,4),(60,4),(61,34),(62,34),(63,35),(64,4),(65,2),(66,1),(67,4),(68,2),(69,4),(70,4),(71,2),(72,35),(73,35),(74,35),(75,4),(76,4),(77,4),(78,4),(79,4),(80,50),(81,4),(82,4),(83,4),(84,4),(85,4),(86,4),(87,4),(88,54),(89,4),(90,35),(91,35),(92,1),(93,4),(94,54),(95,35),(96,35),(97,4),(98,4),(99,4),(100,4),(101,34),(102,4),(103,4),(104,55),(105,4),(106,34),(107,4),(108,4),(109,4),(110,4),(111,4),(112,4),(113,4),(114,4),(115,34),(116,4),(117,4),(118,4),(119,56),(120,4),(121,4),(122,4),(123,4),(124,34),(125,4),(126,4),(127,4),(128,4),(129,4),(130,4),(131,4),(132,4),(133,4),(134,4),(135,4),(136,4),(137,4),(138,4),(139,4),(140,4),(141,4),(142,4),(143,4),(144,4),(145,4),(146,4),(147,4),(148,4),(149,4),(150,4),(151,4),(152,4),(153,58),(154,4),(155,4),(156,4),(157,4),(158,4),(159,4),(160,50),(164,4),(165,4),(166,4),(167,4),(168,4),(169,4),(170,4),(171,4),(172,4),(173,4),(174,4),(175,4),(176,4),(177,4),(178,4),(179,4),(180,60),(182,1),(185,1),(186,1),(187,4),(188,81),(189,85),(190,85),(191,4),(192,4),(193,87),(194,87),(195,88),(196,88),(197,85);

/*Table structure for table `t_article` */

DROP TABLE IF EXISTS `t_article`;

CREATE TABLE `t_article` (
  `id` int(10) NOT NULL AUTO_INCREMENT COMMENT '主键ID',
  `icon` varchar(250) DEFAULT NULL COMMENT '图标',
  `name` varchar(250) DEFAULT NULL COMMENT '文件名称',
  `sort` int(10) DEFAULT NULL COMMENT '排序',
  `title` varchar(250) DEFAULT NULL COMMENT '标题',
  `content` mediumtext COMMENT 'html内容',
  `create_time` datetime DEFAULT NULL,
  `create_user` varchar(25) DEFAULT NULL,
  `update_user` varchar(25) DEFAULT NULL,
  `update_time` datetime DEFAULT NULL,
  `html_content` mediumtext COMMENT 'hmtl内容',
  PRIMARY KEY (`id`)
) ENGINE=InnoDB AUTO_INCREMENT=32 DEFAULT CHARSET=utf8;

/*Data for the table `t_article` */

insert  into `t_article`(`id`,`icon`,`name`,`sort`,`title`,`content`,`create_time`,`create_user`,`update_user`,`update_time`,`html_content`) values (8,'http://47.106.255.216/landslide/images/guide/1.png','实验目的',1,'实验目的','<section id=\"content\" style=\"padding-bottom: 120px;\">\r\n\r\n        <div class=\"container content\" style=\"position: relative;color: #0b0b0b\">\r\n<p class=\"MsoNormal\" align=\"left\" style=\"text-indent:24pt;\">\r\n	本实验拟通过滑坡地质灾害及其防治的虚拟仿真，使学生获得以下的知识、能力与素质：<span></span>\r\n</p>\r\n<p class=\"MsoNormal\" align=\"left\" style=\"margin-left:42pt;text-indent:-18pt;\">\r\n	<!--[if !supportLists]-->1)&nbsp;\r\n<!--[endif]-->通过模拟滑坡发生过程，让学生在轻松的实验交互体验式学习中掌握滑坡地质灾害的成因、触发机制和特征点等知识，培养野外识别和判断滑坡地质灾害的能力。<span></span>\r\n</p>\r\n<p class=\"MsoNormal\" align=\"left\" style=\"margin-left:42pt;text-indent:-18pt;\">\r\n	<!--[if !supportLists]-->2)&nbsp;\r\n<!--[endif]-->通过实验交互体验和探究式学习，掌握滑坡灾害工程防治的基本原理，培养其滑坡灾害的防治能力。<span></span>\r\n</p>\r\n<p class=\"MsoNormal\" align=\"left\" style=\"margin-left:42pt;text-indent:-18pt;\">\r\n	<!--[if !supportLists]-->3)&nbsp; <!--[endif]-->通过本虚拟仿真系统，让学生不必到野外现场也能充分地认识、理解并掌握滑坡的基本知识和工程防治措施，激发学生对专业学习的兴趣，提高专业技能。\r\n</p>\r\n通过本虚拟仿真系统的学习，让学生具备环境保护和防灾减灾的科学素质，为毕业后投身祖国建设垫定基础。</div>\r\n    </section>',NULL,NULL,NULL,NULL,NULL),(9,'http://47.106.255.216/landslide/images/guide/2.png','实验原理',2,'实验原理','<section id=\"content\" style=\"padding-bottom: 120px;\">\r\n\r\n        <div class=\"container content\" style=\"position: relative;color: #0b0b0b\">\r\n<p class=\"MsoNormal\" align=\"left\" style=\"text-indent:24pt;\">\r\n	本实验拟通过滑坡地质灾害及其防治的虚拟仿真，使学生获得以下的知识、能力与素质：<span></span>\r\n</p>\r\n<p class=\"MsoNormal\" align=\"left\" style=\"margin-left:42pt;text-indent:-18pt;\">\r\n	<!--[if !supportLists]-->1)&nbsp;\r\n<!--[endif]-->通过模拟滑坡发生过程，让学生在轻松的实验交互体验式学习中掌握滑坡地质灾害的成因、触发机制和特征点等知识，培养野外识别和判断滑坡地质灾害的能力。<span></span>\r\n</p>\r\n<p class=\"MsoNormal\" align=\"left\" style=\"margin-left:42pt;text-indent:-18pt;\">\r\n	<!--[if !supportLists]-->2)&nbsp;\r\n<!--[endif]-->通过实验交互体验和探究式学习，掌握滑坡灾害工程防治的基本原理，培养其滑坡灾害的防治能力。<span></span>\r\n</p>\r\n<p class=\"MsoNormal\" align=\"left\" style=\"margin-left:42pt;text-indent:-18pt;\">\r\n	<!--[if !supportLists]-->3)&nbsp; <!--[endif]-->通过本虚拟仿真系统，让学生不必到野外现场也能充分地认识、理解并掌握滑坡的基本知识和工程防治措施，激发学生对专业学习的兴趣，提高专业技能。\r\n</p>\r\n通过本虚拟仿真系统的学习，让学生具备环境保护和防灾减灾的科学素质，为毕业后投身祖国建设垫定基础。</div>\r\n    </section>',NULL,NULL,NULL,NULL,NULL),(10,'http://47.106.255.216/landslide/images/guide/3.png','实验工具设备',3,'实验工具设备','<section id=\"content\" style=\"padding-bottom: 120px;\">\r\n\r\n        <div class=\"container content\" style=\"position: relative;color: #0b0b0b\">\r\n<p class=\"MsoNormal\" align=\"left\" style=\"text-indent:24pt;\">\r\n	本实验拟通过滑坡地质灾害及其防治的虚拟仿真，使学生获得以下的知识、能力与素质：<span></span>\r\n</p>\r\n<p class=\"MsoNormal\" align=\"left\" style=\"margin-left:42pt;text-indent:-18pt;\">\r\n	<!--[if !supportLists]-->1)&nbsp;\r\n<!--[endif]-->通过模拟滑坡发生过程，让学生在轻松的实验交互体验式学习中掌握滑坡地质灾害的成因、触发机制和特征点等知识，培养野外识别和判断滑坡地质灾害的能力。<span></span>\r\n</p>\r\n<p class=\"MsoNormal\" align=\"left\" style=\"margin-left:42pt;text-indent:-18pt;\">\r\n	<!--[if !supportLists]-->2)&nbsp;\r\n<!--[endif]-->通过实验交互体验和探究式学习，掌握滑坡灾害工程防治的基本原理，培养其滑坡灾害的防治能力。<span></span>\r\n</p>\r\n<p class=\"MsoNormal\" align=\"left\" style=\"margin-left:42pt;text-indent:-18pt;\">\r\n	<!--[if !supportLists]-->3)&nbsp; <!--[endif]-->通过本虚拟仿真系统，让学生不必到野外现场也能充分地认识、理解并掌握滑坡的基本知识和工程防治措施，激发学生对专业学习的兴趣，提高专业技能。\r\n</p>\r\n通过本虚拟仿真系统的学习，让学生具备环境保护和防灾减灾的科学素质，为毕业后投身祖国建设垫定基础。</div>\r\n    </section>',NULL,NULL,NULL,NULL,NULL),(22,'http://47.106.255.216/landslide/images/guide/4.png','实验参数',4,'实验参数','<section id=\"content\" style=\"padding-bottom: 120px;\">\r\n\r\n        <div class=\"container content\" style=\"position: relative;color: #0b0b0b\">\r\n<p class=\"MsoNormal\" align=\"left\" style=\"text-indent:24pt;\">\r\n	本实验拟通过滑坡地质灾害及其防治的虚拟仿真，使学生获得以下的知识、能力与素质：<span></span>\r\n</p>\r\n<p class=\"MsoNormal\" align=\"left\" style=\"margin-left:42pt;text-indent:-18pt;\">\r\n	<!--[if !supportLists]-->1)&nbsp;\r\n<!--[endif]-->通过模拟滑坡发生过程，让学生在轻松的实验交互体验式学习中掌握滑坡地质灾害的成因、触发机制和特征点等知识，培养野外识别和判断滑坡地质灾害的能力。<span></span>\r\n</p>\r\n<p class=\"MsoNormal\" align=\"left\" style=\"margin-left:42pt;text-indent:-18pt;\">\r\n	<!--[if !supportLists]-->2)&nbsp;\r\n<!--[endif]-->通过实验交互体验和探究式学习，掌握滑坡灾害工程防治的基本原理，培养其滑坡灾害的防治能力。<span></span>\r\n</p>\r\n<p class=\"MsoNormal\" align=\"left\" style=\"margin-left:42pt;text-indent:-18pt;\">\r\n	<!--[if !supportLists]-->3)&nbsp; <!--[endif]-->通过本虚拟仿真系统，让学生不必到野外现场也能充分地认识、理解并掌握滑坡的基本知识和工程防治措施，激发学生对专业学习的兴趣，提高专业技能。\r\n</p>\r\n通过本虚拟仿真系统的学习，让学生具备环境保护和防灾减灾的科学素质，为毕业后投身祖国建设垫定基础。</div>\r\n    </section>',NULL,NULL,NULL,NULL,NULL),(23,'http://47.106.255.216/landslide/images/guide/5.png','实验教学方法',5,'实验教学方法','<section id=\"content\" style=\"padding-bottom: 120px;\">\r\n\r\n        <div class=\"container content\" style=\"position: relative;color: #0b0b0b\"><p class=\"MsoNormal\" align=\"left\" style=\"text-align:left;\">\r\n	</p><p class=\"MsoNormal\" align=\"left\" style=\"text-align:left;text-indent:24.0pt;\">\r\n		本实验将以滑坡地质灾害的辨识特征、滑坡的力学机制、触发因素和防治工程措施为仿真对象，重现滑坡的发生过程及其细部特征，供学生学习。滑坡的发生主要是斜坡上的土体或者岩体，在强降雨、地震、上部堆载（堆载式滑坡）或者底部切坡（牵引式滑坡）的影响下，沿着某个面向下滑动的过程。<span></span>\r\n	</p>\r\n	<p class=\"MsoNormal\" align=\"left\" style=\"text-align:left;text-indent:24.0pt;\">\r\n		本实验的实验原理如下：<span></span>\r\n	</p>\r\n	<p class=\"MsoNormal\" align=\"left\" style=\"text-align:left;text-indent:24.0pt;\">\r\n		(1)学习部分<span></span>\r\n	</p>\r\n	<p class=\"MsoNormal\" align=\"left\" style=\"margin-left:45.0pt;text-align:left;text-indent:-21.0pt;\">\r\n		1)&nbsp;&nbsp;\r\n采用基于案例的网络多媒体知识点教学法，利用文字、图片、动画等方式展现各类滑坡的定义、原理以及各类滑坡案例，包括国内外滑坡灾害救援中的表面，让学生在掌握滑坡分类的基本知识的同时，增强对祖国防灾救灾工作的信心和优越感。<span></span>\r\n	</p>\r\n	<p class=\"MsoNormal\" align=\"left\" style=\"margin-left:45.0pt;text-align:left;text-indent:-21.0pt;\">\r\n		2)&nbsp;&nbsp;\r\n采用案例虚拟仿真体验式教学法，从空中鸟瞰和纵剖面两个角度，对降雨及底部切坡（牵引式滑坡）的滑坡过程进行了细致高清的动画模拟。动画结束后，在滑坡的静态模型中高亮显示滑坡的各个特征点，引导学生体验滑坡的各个特征点。整个过程仿真高，学生可在实验中通过拉近镜头和<span>360</span>度旋转等方式近距离细致地观察体验滑坡的各个特征点，进而通过这些特征点掌握滑坡的野外识别方法。<span></span>\r\n	</p>\r\n	<p class=\"MsoNormal\" align=\"left\" style=\"margin-left:45.0pt;text-align:left;text-indent:-21.0pt;\">\r\n		3)&nbsp;&nbsp;\r\n采用案例虚拟仿真体验式教学法，对降雨及底部切坡（牵引式滑坡）的滑坡进行治理，内容包括挡土墙、格构式支护、抗滑桩、锚杆（锚索）和排水沟等工程措施的虚拟仿真。整个过程仿真高，学生可在实验中通过拉近镜头和<span>360</span>度旋转等方式近距离细致地观察体验<span></span>\r\n	</p>\r\n	<p class=\"MsoNormal\" align=\"left\" style=\"text-align:left;\">\r\n		（<span>2</span>）考核部分<span></span>\r\n	</p>\r\n	<p class=\"MsoNormal\" align=\"left\" style=\"margin-left:45.0pt;text-align:left;text-indent:-21.0pt;\">\r\n		1)&nbsp;&nbsp;\r\n采用案例虚拟仿真交互式教学法，在滑坡模型中高亮显示高亮显示某个滑坡的特征点，学生选择正确的答案进行考核，从而加深学生对滑坡特征点的认识；<span></span>\r\n	</p>\r\n	<p class=\"MsoNormal\" align=\"left\" style=\"margin-left:45.0pt;text-align:left;text-indent:-21.0pt;\">\r\n		2)&nbsp;&nbsp;\r\n采用参与式自主设计探究教学法，虚拟仿真学生设计的滑坡防治措施，实时反馈设计效果。学生通过选择合适的工程治理参数，理解不同治理措施的作用原理，掌握其设计方法。<span></span>\r\n	</p>\r\n	<p class=\"MsoNormal\" align=\"left\" style=\"margin-left:45.0pt;text-align:left;text-indent:-21.0pt;\">\r\n		3)&nbsp;&nbsp;\r\n在案例虚拟仿真体验式教学法对滑坡治理知识进行学习后，让学生自主选择合适的抗滑桩、锚杆（锚索）的参数，自主进行设计，仿真试验判断其设计效果。鉴于滑坡防治设计的复杂性，目前仅完成抗滑桩、锚杆（锚索）的长度必须穿过滑动面这一知识点，更细致的设计将在进一步的工作中完成。<span></span>\r\n	</p>\r\n	<p class=\"MsoNormal\" align=\"left\" style=\"text-align:left;text-indent:24.0pt;\">\r\n		实验内容主要包括：<span></span>\r\n	</p>\r\n	<p class=\"MsoNormal\" align=\"left\" style=\"text-align:left;text-indent:24.0pt;\">\r\n		（<span>1</span>）滑坡的虚拟仿真体验，在降雨、切坡等作用下，滑坡体开始滑动的过程，给学生直观体验，理解触发因子的重要性。<span></span>\r\n	</p>\r\n	<p class=\"MsoNormal\" align=\"left\" style=\"text-align:left;text-indent:24.0pt;\">\r\n		（<span>2</span>）滑坡的基本特征，认识滑坡、特别是古滑坡的形态特征，用于判断其稳定性；<span></span>\r\n	</p>\r\n	<p class=\"MsoNormal\" align=\"left\" style=\"text-align:left;text-indent:24.0pt;\">\r\n		（<span>3</span>）滑坡的工程防治措施的体验及探究式学习，让学生理解挡土墙、格构式、抗滑桩、锚杆（锚索）和排水沟等工程措施的作用原理。<span></span>\r\n	</p>\r\n	<p class=\"MsoNormal\" align=\"left\" style=\"text-align:left;text-indent:24.0pt;\">\r\n		（<span>4</span>）实验学习效果测验。<span></span>\r\n	</p>\r\n	<p class=\"MsoNormal\" align=\"left\" style=\"text-align:left;text-indent:24.0pt;\">\r\n		让学生自主设计抗滑措施，改变参数，体验其有效性。<span></span>\r\n	</p>\r\n	<p class=\"MsoNormal\" align=\"left\" style=\"text-align:left;text-indent:24.0pt;\">\r\n		<br>\r\n	</p>\r\n	<p class=\"MsoNormal\" align=\"left\" style=\"text-align:left;text-indent:24.0pt;\">\r\n		整个实验涵盖了土木工程专业学生需要掌握的滑坡地质灾害及其防治知识，提供了文字、图片、动画、虚拟仿真等多种形式的教学资源。其中，对于滑坡的发展过程和治理技术等进行了细致的实景仿真（如图<span>1</span>所示），所有场景和动画等均具较高仿真度，能直观地观察滑坡发生的整个过程、力学机理和工程措施的作用。涉及的各知识点详述如下。<span></span>\r\n	</p>\r\n	<p class=\"MsoNormal\">\r\n		<b></b>\r\n	</p>\r\n	<p class=\"MsoNormal\" align=\"center\" style=\"text-align:center;\">\r\n		图<span>1 </span>滑坡地质灾害及其防治的虚拟仿真实验内容<span></span>\r\n	</p>\r\n	<p class=\"MsoNormal\" align=\"center\" style=\"text-align:center;\">\r\n		<img src=\"http://47.106.255.216/landslide/images/guide/2-1.png\" alt=\"\" style=\"width:900px\">\r\n	</p>\r\n	<p class=\"MsoNormal\" align=\"left\" style=\"text-align:left;text-indent:24.1pt;\">\r\n		<b></b>\r\n	</p>\r\n	<p class=\"MsoNormal\" align=\"left\" style=\"text-align:left;text-indent:24.1pt;\">\r\n		<b>知识点：共 <span>5 </span>个<span></span></b>\r\n	</p>\r\n	<p class=\"MsoNormal\" align=\"left\" style=\"text-align:left;text-indent:24.0pt;\">\r\n		（<span>1</span>）滑坡的分类<span></span>\r\n	</p>\r\n	<p class=\"MsoNormal\" align=\"left\" style=\"text-align:left;text-indent:24.0pt;\">\r\n		主要以文字、图片和动画等方式展现和解释各类滑坡的定义、特征以及各类滑坡案例，非高仿真的核心要素。<span></span>\r\n	</p>\r\n	<p class=\"MsoNormal\" align=\"left\" style=\"text-align:left;text-indent:24.0pt;\">\r\n		（<span>2</span>）降雨触发的滑坡机制虚拟仿真<span></span>\r\n	</p>\r\n	<p class=\"MsoNormal\" align=\"left\" style=\"text-align:left;text-indent:24.1pt;\">\r\n		<b>本知识点属于高仿真的核心要素。</b>利用三维动画仿真技术从高空鸟瞰和纵剖面两个角度，高清晰真实地还原降雨触发的滑坡机制。整个过程中学生可拉近镜头近距离观察及<span>360</span>度旋转观察，对滑坡各阶段的细部特征进行详细全面的体验。<span></span>\r\n	</p>\r\n	<p class=\"MsoNormal\" align=\"left\" style=\"text-align:left;text-indent:24.0pt;\">\r\n		（<span>3</span>）切坡牵引触发的滑坡机制虚拟仿真<span></span>\r\n	</p>\r\n	<p class=\"MsoNormal\" align=\"left\" style=\"text-align:left;text-indent:24.1pt;\">\r\n		<b>本知识点属于高仿真的核心要素。</b>利用三维动画仿真技术从高空鸟瞰和纵剖面两个角度，高清晰真实的还原了切坡牵引触发（人工切坡或河流切坡）滑坡的机制，整个过程中学生可拉近镜头近距离观察及<span>360</span>度旋转观察，对滑坡各阶段的细部特征进行细致全面的体验。<span></span>\r\n	</p>\r\n	<p class=\"MsoNormal\" align=\"left\" style=\"text-align:left;text-indent:24.0pt;\">\r\n		（<span>4</span>）滑坡特征点虚拟仿真及其知识点考核 <span></span>\r\n	</p>\r\n	<p class=\"MsoNormal\" align=\"left\" style=\"text-align:left;text-indent:24.1pt;\">\r\n		<b>本知识点属于高仿真的核心要素。</b>在静态的滑坡模型中，高清真实地模拟了滑坡体、滑坡台阶、滑坡床、滑坡后壁、滑坡台地、滑坡台地陡坎、滑坡舌、拉张裂隙、剪切裂隙、扇形张裂隙、滑坡鼓丘、醉林等十二个核心特征点。每个特征点均可拉近镜头近距离观察及<span>360</span>度旋转观察。<span></span>\r\n	</p>\r\n	<p class=\"MsoNormal\" align=\"left\" style=\"text-align:left;text-indent:24.0pt;\">\r\n		考核时，系统在静态的滑坡模型中高亮显示要考查的滑坡特征点，学生通过交互方式进行选择，从而检查学生的掌握程度。<span></span>\r\n	</p>\r\n	<p class=\"MsoNormal\" align=\"left\" style=\"text-align:left;text-indent:24.0pt;\">\r\n		（<span>5</span>）滑坡治理虚拟仿真及其考核<span></span>\r\n	</p>\r\n	<p class=\"MsoNormal\" align=\"left\" style=\"text-align:left;text-indent:24.1pt;\">\r\n		<b>本知识点属于高仿真的核心要素。</b>滑坡治理利用三维动画仿真技术，高清真实的还原了格构式支护、抗滑桩支护、挡墙支护及辅助排水设施等滑坡治理技术的基本原理及其施工过程。\r\n整个过程中学生可拉近镜头近距离观察及<span>360</span>度旋转观察，对滑坡的各细部特征进行细致全面的体验。<span></span>\r\n	</p>\r\n	<p class=\"MsoNormal\" align=\"left\" style=\"text-align:left;text-indent:24.0pt;\">\r\n		滑坡治理考核利用基于案例的自主设计探究式教学方法，学生对各种支护方案中的主要构件进行选择，自行设计支护方案，系统判断设计的合理性并采用虚拟仿真动画的方式模拟设计后可能出现的结果，让学生直观生动地理解自己设计方案的合理性和经济性。<span></span>\r\n	</p>\r\n<p></p>\r\n<p class=\"MsoNormal\" align=\"left\" style=\"text-indent:24pt;\">\r\n	<br>\r\n</p></div>\r\n    </section>',NULL,NULL,NULL,NULL,NULL),(24,'http://47.106.255.216/landslide/images/guide/6.png','实验方法与步骤',6,'实验方法与步骤','<section id=\"content\" style=\"padding-bottom: 120px;\">\r\n\r\n        <div class=\"container content\" style=\"position: relative;color: #0b0b0b\"><p class=\"MsoNormal\" align=\"left\" style=\"text-align:left;\">\r\n	</p><p class=\"MsoNormal\" align=\"left\" style=\"text-align:left;text-indent:24.0pt;\">\r\n		本实验将以滑坡地质灾害的辨识特征、滑坡的力学机制、触发因素和防治工程措施为仿真对象，重现滑坡的发生过程及其细部特征，供学生学习。滑坡的发生主要是斜坡上的土体或者岩体，在强降雨、地震、上部堆载（堆载式滑坡）或者底部切坡（牵引式滑坡）的影响下，沿着某个面向下滑动的过程。<span></span>\r\n	</p>\r\n	<p class=\"MsoNormal\" align=\"left\" style=\"text-align:left;text-indent:24.0pt;\">\r\n		本实验的实验原理如下：<span></span>\r\n	</p>\r\n	<p class=\"MsoNormal\" align=\"left\" style=\"text-align:left;text-indent:24.0pt;\">\r\n		(1)学习部分<span></span>\r\n	</p>\r\n	<p class=\"MsoNormal\" align=\"left\" style=\"margin-left:45.0pt;text-align:left;text-indent:-21.0pt;\">\r\n		1)&nbsp;&nbsp;\r\n采用基于案例的网络多媒体知识点教学法，利用文字、图片、动画等方式展现各类滑坡的定义、原理以及各类滑坡案例，包括国内外滑坡灾害救援中的表面，让学生在掌握滑坡分类的基本知识的同时，增强对祖国防灾救灾工作的信心和优越感。<span></span>\r\n	</p>\r\n	<p class=\"MsoNormal\" align=\"left\" style=\"margin-left:45.0pt;text-align:left;text-indent:-21.0pt;\">\r\n		2)&nbsp;&nbsp;\r\n采用案例虚拟仿真体验式教学法，从空中鸟瞰和纵剖面两个角度，对降雨及底部切坡（牵引式滑坡）的滑坡过程进行了细致高清的动画模拟。动画结束后，在滑坡的静态模型中高亮显示滑坡的各个特征点，引导学生体验滑坡的各个特征点。整个过程仿真高，学生可在实验中通过拉近镜头和<span>360</span>度旋转等方式近距离细致地观察体验滑坡的各个特征点，进而通过这些特征点掌握滑坡的野外识别方法。<span></span>\r\n	</p>\r\n	<p class=\"MsoNormal\" align=\"left\" style=\"margin-left:45.0pt;text-align:left;text-indent:-21.0pt;\">\r\n		3)&nbsp;&nbsp;\r\n采用案例虚拟仿真体验式教学法，对降雨及底部切坡（牵引式滑坡）的滑坡进行治理，内容包括挡土墙、格构式支护、抗滑桩、锚杆（锚索）和排水沟等工程措施的虚拟仿真。整个过程仿真高，学生可在实验中通过拉近镜头和<span>360</span>度旋转等方式近距离细致地观察体验<span></span>\r\n	</p>\r\n	<p class=\"MsoNormal\" align=\"left\" style=\"text-align:left;\">\r\n		（<span>2</span>）考核部分<span></span>\r\n	</p>\r\n	<p class=\"MsoNormal\" align=\"left\" style=\"margin-left:45.0pt;text-align:left;text-indent:-21.0pt;\">\r\n		1)&nbsp;&nbsp;\r\n采用案例虚拟仿真交互式教学法，在滑坡模型中高亮显示高亮显示某个滑坡的特征点，学生选择正确的答案进行考核，从而加深学生对滑坡特征点的认识；<span></span>\r\n	</p>\r\n	<p class=\"MsoNormal\" align=\"left\" style=\"margin-left:45.0pt;text-align:left;text-indent:-21.0pt;\">\r\n		2)&nbsp;&nbsp;\r\n采用参与式自主设计探究教学法，虚拟仿真学生设计的滑坡防治措施，实时反馈设计效果。学生通过选择合适的工程治理参数，理解不同治理措施的作用原理，掌握其设计方法。<span></span>\r\n	</p>\r\n	<p class=\"MsoNormal\" align=\"left\" style=\"margin-left:45.0pt;text-align:left;text-indent:-21.0pt;\">\r\n		3)&nbsp;&nbsp;\r\n在案例虚拟仿真体验式教学法对滑坡治理知识进行学习后，让学生自主选择合适的抗滑桩、锚杆（锚索）的参数，自主进行设计，仿真试验判断其设计效果。鉴于滑坡防治设计的复杂性，目前仅完成抗滑桩、锚杆（锚索）的长度必须穿过滑动面这一知识点，更细致的设计将在进一步的工作中完成。<span></span>\r\n	</p>\r\n	<p class=\"MsoNormal\" align=\"left\" style=\"text-align:left;text-indent:24.0pt;\">\r\n		实验内容主要包括：<span></span>\r\n	</p>\r\n	<p class=\"MsoNormal\" align=\"left\" style=\"text-align:left;text-indent:24.0pt;\">\r\n		（<span>1</span>）滑坡的虚拟仿真体验，在降雨、切坡等作用下，滑坡体开始滑动的过程，给学生直观体验，理解触发因子的重要性。<span></span>\r\n	</p>\r\n	<p class=\"MsoNormal\" align=\"left\" style=\"text-align:left;text-indent:24.0pt;\">\r\n		（<span>2</span>）滑坡的基本特征，认识滑坡、特别是古滑坡的形态特征，用于判断其稳定性；<span></span>\r\n	</p>\r\n	<p class=\"MsoNormal\" align=\"left\" style=\"text-align:left;text-indent:24.0pt;\">\r\n		（<span>3</span>）滑坡的工程防治措施的体验及探究式学习，让学生理解挡土墙、格构式、抗滑桩、锚杆（锚索）和排水沟等工程措施的作用原理。<span></span>\r\n	</p>\r\n	<p class=\"MsoNormal\" align=\"left\" style=\"text-align:left;text-indent:24.0pt;\">\r\n		（<span>4</span>）实验学习效果测验。<span></span>\r\n	</p>\r\n	<p class=\"MsoNormal\" align=\"left\" style=\"text-align:left;text-indent:24.0pt;\">\r\n		让学生自主设计抗滑措施，改变参数，体验其有效性。<span></span>\r\n	</p>\r\n	<p class=\"MsoNormal\" align=\"left\" style=\"text-align:left;text-indent:24.0pt;\">\r\n		<br>\r\n	</p>\r\n	<p class=\"MsoNormal\" align=\"left\" style=\"text-align:left;text-indent:24.0pt;\">\r\n		整个实验涵盖了土木工程专业学生需要掌握的滑坡地质灾害及其防治知识，提供了文字、图片、动画、虚拟仿真等多种形式的教学资源。其中，对于滑坡的发展过程和治理技术等进行了细致的实景仿真（如图<span>1</span>所示），所有场景和动画等均具较高仿真度，能直观地观察滑坡发生的整个过程、力学机理和工程措施的作用。涉及的各知识点详述如下。<span></span>\r\n	</p>\r\n	<p class=\"MsoNormal\">\r\n		<b></b>\r\n	</p>\r\n	<p class=\"MsoNormal\" align=\"center\" style=\"text-align:center;\">\r\n		图<span>1 </span>滑坡地质灾害及其防治的虚拟仿真实验内容<span></span>\r\n	</p>\r\n	<p class=\"MsoNormal\" align=\"center\" style=\"text-align:center;\">\r\n		<img src=\"http://47.106.255.216/landslide/images/guide/2-1.png\" alt=\"\" style=\"width:900px\">\r\n	</p>\r\n	<p class=\"MsoNormal\" align=\"left\" style=\"text-align:left;text-indent:24.1pt;\">\r\n		<b></b>\r\n	</p>\r\n	<p class=\"MsoNormal\" align=\"left\" style=\"text-align:left;text-indent:24.1pt;\">\r\n		<b>知识点：共 <span>5 </span>个<span></span></b>\r\n	</p>\r\n	<p class=\"MsoNormal\" align=\"left\" style=\"text-align:left;text-indent:24.0pt;\">\r\n		（<span>1</span>）滑坡的分类<span></span>\r\n	</p>\r\n	<p class=\"MsoNormal\" align=\"left\" style=\"text-align:left;text-indent:24.0pt;\">\r\n		主要以文字、图片和动画等方式展现和解释各类滑坡的定义、特征以及各类滑坡案例，非高仿真的核心要素。<span></span>\r\n	</p>\r\n	<p class=\"MsoNormal\" align=\"left\" style=\"text-align:left;text-indent:24.0pt;\">\r\n		（<span>2</span>）降雨触发的滑坡机制虚拟仿真<span></span>\r\n	</p>\r\n	<p class=\"MsoNormal\" align=\"left\" style=\"text-align:left;text-indent:24.1pt;\">\r\n		<b>本知识点属于高仿真的核心要素。</b>利用三维动画仿真技术从高空鸟瞰和纵剖面两个角度，高清晰真实地还原降雨触发的滑坡机制。整个过程中学生可拉近镜头近距离观察及<span>360</span>度旋转观察，对滑坡各阶段的细部特征进行详细全面的体验。<span></span>\r\n	</p>\r\n	<p class=\"MsoNormal\" align=\"left\" style=\"text-align:left;text-indent:24.0pt;\">\r\n		（<span>3</span>）切坡牵引触发的滑坡机制虚拟仿真<span></span>\r\n	</p>\r\n	<p class=\"MsoNormal\" align=\"left\" style=\"text-align:left;text-indent:24.1pt;\">\r\n		<b>本知识点属于高仿真的核心要素。</b>利用三维动画仿真技术从高空鸟瞰和纵剖面两个角度，高清晰真实的还原了切坡牵引触发（人工切坡或河流切坡）滑坡的机制，整个过程中学生可拉近镜头近距离观察及<span>360</span>度旋转观察，对滑坡各阶段的细部特征进行细致全面的体验。<span></span>\r\n	</p>\r\n	<p class=\"MsoNormal\" align=\"left\" style=\"text-align:left;text-indent:24.0pt;\">\r\n		（<span>4</span>）滑坡特征点虚拟仿真及其知识点考核 <span></span>\r\n	</p>\r\n	<p class=\"MsoNormal\" align=\"left\" style=\"text-align:left;text-indent:24.1pt;\">\r\n		<b>本知识点属于高仿真的核心要素。</b>在静态的滑坡模型中，高清真实地模拟了滑坡体、滑坡台阶、滑坡床、滑坡后壁、滑坡台地、滑坡台地陡坎、滑坡舌、拉张裂隙、剪切裂隙、扇形张裂隙、滑坡鼓丘、醉林等十二个核心特征点。每个特征点均可拉近镜头近距离观察及<span>360</span>度旋转观察。<span></span>\r\n	</p>\r\n	<p class=\"MsoNormal\" align=\"left\" style=\"text-align:left;text-indent:24.0pt;\">\r\n		考核时，系统在静态的滑坡模型中高亮显示要考查的滑坡特征点，学生通过交互方式进行选择，从而检查学生的掌握程度。<span></span>\r\n	</p>\r\n	<p class=\"MsoNormal\" align=\"left\" style=\"text-align:left;text-indent:24.0pt;\">\r\n		（<span>5</span>）滑坡治理虚拟仿真及其考核<span></span>\r\n	</p>\r\n	<p class=\"MsoNormal\" align=\"left\" style=\"text-align:left;text-indent:24.1pt;\">\r\n		<b>本知识点属于高仿真的核心要素。</b>滑坡治理利用三维动画仿真技术，高清真实的还原了格构式支护、抗滑桩支护、挡墙支护及辅助排水设施等滑坡治理技术的基本原理及其施工过程。\r\n整个过程中学生可拉近镜头近距离观察及<span>360</span>度旋转观察，对滑坡的各细部特征进行细致全面的体验。<span></span>\r\n	</p>\r\n	<p class=\"MsoNormal\" align=\"left\" style=\"text-align:left;text-indent:24.0pt;\">\r\n		滑坡治理考核利用基于案例的自主设计探究式教学方法，学生对各种支护方案中的主要构件进行选择，自行设计支护方案，系统判断设计的合理性并采用虚拟仿真动画的方式模拟设计后可能出现的结果，让学生直观生动地理解自己设计方案的合理性和经济性。<span></span>\r\n	</p>\r\n<p></p>\r\n<p class=\"MsoNormal\" align=\"left\" style=\"text-indent:24pt;\">\r\n	<br>\r\n</p></div>\r\n    </section>',NULL,NULL,NULL,NULL,NULL),(29,'http://47.106.255.216/landslide/images/guide/7.png','实验结果与结论要求',7,'实验结果与结论要求','<section id=\"content\" style=\"padding-bottom: 120px;\">\r\n\r\n        <div class=\"container content\" style=\"position: relative;color: #0b0b0b\"><p class=\"MsoNormal\" align=\"left\" style=\"text-align:left;\">\r\n	</p><p class=\"MsoNormal\" align=\"left\" style=\"text-align:left;text-indent:24.0pt;\">\r\n		本实验将以滑坡地质灾害的辨识特征、滑坡的力学机制、触发因素和防治工程措施为仿真对象，重现滑坡的发生过程及其细部特征，供学生学习。滑坡的发生主要是斜坡上的土体或者岩体，在强降雨、地震、上部堆载（堆载式滑坡）或者底部切坡（牵引式滑坡）的影响下，沿着某个面向下滑动的过程。<span></span>\r\n	</p>\r\n	<p class=\"MsoNormal\" align=\"left\" style=\"text-align:left;text-indent:24.0pt;\">\r\n		本实验的实验原理如下：<span></span>\r\n	</p>\r\n	<p class=\"MsoNormal\" align=\"left\" style=\"text-align:left;text-indent:24.0pt;\">\r\n		(1)学习部分<span></span>\r\n	</p>\r\n	<p class=\"MsoNormal\" align=\"left\" style=\"margin-left:45.0pt;text-align:left;text-indent:-21.0pt;\">\r\n		1)&nbsp;&nbsp;\r\n采用基于案例的网络多媒体知识点教学法，利用文字、图片、动画等方式展现各类滑坡的定义、原理以及各类滑坡案例，包括国内外滑坡灾害救援中的表面，让学生在掌握滑坡分类的基本知识的同时，增强对祖国防灾救灾工作的信心和优越感。<span></span>\r\n	</p>\r\n	<p class=\"MsoNormal\" align=\"left\" style=\"margin-left:45.0pt;text-align:left;text-indent:-21.0pt;\">\r\n		2)&nbsp;&nbsp;\r\n采用案例虚拟仿真体验式教学法，从空中鸟瞰和纵剖面两个角度，对降雨及底部切坡（牵引式滑坡）的滑坡过程进行了细致高清的动画模拟。动画结束后，在滑坡的静态模型中高亮显示滑坡的各个特征点，引导学生体验滑坡的各个特征点。整个过程仿真高，学生可在实验中通过拉近镜头和<span>360</span>度旋转等方式近距离细致地观察体验滑坡的各个特征点，进而通过这些特征点掌握滑坡的野外识别方法。<span></span>\r\n	</p>\r\n	<p class=\"MsoNormal\" align=\"left\" style=\"margin-left:45.0pt;text-align:left;text-indent:-21.0pt;\">\r\n		3)&nbsp;&nbsp;\r\n采用案例虚拟仿真体验式教学法，对降雨及底部切坡（牵引式滑坡）的滑坡进行治理，内容包括挡土墙、格构式支护、抗滑桩、锚杆（锚索）和排水沟等工程措施的虚拟仿真。整个过程仿真高，学生可在实验中通过拉近镜头和<span>360</span>度旋转等方式近距离细致地观察体验<span></span>\r\n	</p>\r\n	<p class=\"MsoNormal\" align=\"left\" style=\"text-align:left;\">\r\n		（<span>2</span>）考核部分<span></span>\r\n	</p>\r\n	<p class=\"MsoNormal\" align=\"left\" style=\"margin-left:45.0pt;text-align:left;text-indent:-21.0pt;\">\r\n		1)&nbsp;&nbsp;\r\n采用案例虚拟仿真交互式教学法，在滑坡模型中高亮显示高亮显示某个滑坡的特征点，学生选择正确的答案进行考核，从而加深学生对滑坡特征点的认识；<span></span>\r\n	</p>\r\n	<p class=\"MsoNormal\" align=\"left\" style=\"margin-left:45.0pt;text-align:left;text-indent:-21.0pt;\">\r\n		2)&nbsp;&nbsp;\r\n采用参与式自主设计探究教学法，虚拟仿真学生设计的滑坡防治措施，实时反馈设计效果。学生通过选择合适的工程治理参数，理解不同治理措施的作用原理，掌握其设计方法。<span></span>\r\n	</p>\r\n	<p class=\"MsoNormal\" align=\"left\" style=\"margin-left:45.0pt;text-align:left;text-indent:-21.0pt;\">\r\n		3)&nbsp;&nbsp;\r\n在案例虚拟仿真体验式教学法对滑坡治理知识进行学习后，让学生自主选择合适的抗滑桩、锚杆（锚索）的参数，自主进行设计，仿真试验判断其设计效果。鉴于滑坡防治设计的复杂性，目前仅完成抗滑桩、锚杆（锚索）的长度必须穿过滑动面这一知识点，更细致的设计将在进一步的工作中完成。<span></span>\r\n	</p>\r\n	<p class=\"MsoNormal\" align=\"left\" style=\"text-align:left;text-indent:24.0pt;\">\r\n		实验内容主要包括：<span></span>\r\n	</p>\r\n	<p class=\"MsoNormal\" align=\"left\" style=\"text-align:left;text-indent:24.0pt;\">\r\n		（<span>1</span>）滑坡的虚拟仿真体验，在降雨、切坡等作用下，滑坡体开始滑动的过程，给学生直观体验，理解触发因子的重要性。<span></span>\r\n	</p>\r\n	<p class=\"MsoNormal\" align=\"left\" style=\"text-align:left;text-indent:24.0pt;\">\r\n		（<span>2</span>）滑坡的基本特征，认识滑坡、特别是古滑坡的形态特征，用于判断其稳定性；<span></span>\r\n	</p>\r\n	<p class=\"MsoNormal\" align=\"left\" style=\"text-align:left;text-indent:24.0pt;\">\r\n		（<span>3</span>）滑坡的工程防治措施的体验及探究式学习，让学生理解挡土墙、格构式、抗滑桩、锚杆（锚索）和排水沟等工程措施的作用原理。<span></span>\r\n	</p>\r\n	<p class=\"MsoNormal\" align=\"left\" style=\"text-align:left;text-indent:24.0pt;\">\r\n		（<span>4</span>）实验学习效果测验。<span></span>\r\n	</p>\r\n	<p class=\"MsoNormal\" align=\"left\" style=\"text-align:left;text-indent:24.0pt;\">\r\n		让学生自主设计抗滑措施，改变参数，体验其有效性。<span></span>\r\n	</p>\r\n	<p class=\"MsoNormal\" align=\"left\" style=\"text-align:left;text-indent:24.0pt;\">\r\n		<br>\r\n	</p>\r\n	<p class=\"MsoNormal\" align=\"left\" style=\"text-align:left;text-indent:24.0pt;\">\r\n		整个实验涵盖了土木工程专业学生需要掌握的滑坡地质灾害及其防治知识，提供了文字、图片、动画、虚拟仿真等多种形式的教学资源。其中，对于滑坡的发展过程和治理技术等进行了细致的实景仿真（如图<span>1</span>所示），所有场景和动画等均具较高仿真度，能直观地观察滑坡发生的整个过程、力学机理和工程措施的作用。涉及的各知识点详述如下。<span></span>\r\n	</p>\r\n	<p class=\"MsoNormal\">\r\n		<b></b>\r\n	</p>\r\n	<p class=\"MsoNormal\" align=\"center\" style=\"text-align:center;\">\r\n		图<span>1 </span>滑坡地质灾害及其防治的虚拟仿真实验内容<span></span>\r\n	</p>\r\n	<p class=\"MsoNormal\" align=\"center\" style=\"text-align:center;\">\r\n		<img src=\"http://47.106.255.216/landslide/images/guide/2-1.png\" alt=\"\" style=\"width:900px\">\r\n	</p>\r\n	<p class=\"MsoNormal\" align=\"left\" style=\"text-align:left;text-indent:24.1pt;\">\r\n		<b></b>\r\n	</p>\r\n	<p class=\"MsoNormal\" align=\"left\" style=\"text-align:left;text-indent:24.1pt;\">\r\n		<b>知识点：共 <span>5 </span>个<span></span></b>\r\n	</p>\r\n	<p class=\"MsoNormal\" align=\"left\" style=\"text-align:left;text-indent:24.0pt;\">\r\n		（<span>1</span>）滑坡的分类<span></span>\r\n	</p>\r\n	<p class=\"MsoNormal\" align=\"left\" style=\"text-align:left;text-indent:24.0pt;\">\r\n		主要以文字、图片和动画等方式展现和解释各类滑坡的定义、特征以及各类滑坡案例，非高仿真的核心要素。<span></span>\r\n	</p>\r\n	<p class=\"MsoNormal\" align=\"left\" style=\"text-align:left;text-indent:24.0pt;\">\r\n		（<span>2</span>）降雨触发的滑坡机制虚拟仿真<span></span>\r\n	</p>\r\n	<p class=\"MsoNormal\" align=\"left\" style=\"text-align:left;text-indent:24.1pt;\">\r\n		<b>本知识点属于高仿真的核心要素。</b>利用三维动画仿真技术从高空鸟瞰和纵剖面两个角度，高清晰真实地还原降雨触发的滑坡机制。整个过程中学生可拉近镜头近距离观察及<span>360</span>度旋转观察，对滑坡各阶段的细部特征进行详细全面的体验。<span></span>\r\n	</p>\r\n	<p class=\"MsoNormal\" align=\"left\" style=\"text-align:left;text-indent:24.0pt;\">\r\n		（<span>3</span>）切坡牵引触发的滑坡机制虚拟仿真<span></span>\r\n	</p>\r\n	<p class=\"MsoNormal\" align=\"left\" style=\"text-align:left;text-indent:24.1pt;\">\r\n		<b>本知识点属于高仿真的核心要素。</b>利用三维动画仿真技术从高空鸟瞰和纵剖面两个角度，高清晰真实的还原了切坡牵引触发（人工切坡或河流切坡）滑坡的机制，整个过程中学生可拉近镜头近距离观察及<span>360</span>度旋转观察，对滑坡各阶段的细部特征进行细致全面的体验。<span></span>\r\n	</p>\r\n	<p class=\"MsoNormal\" align=\"left\" style=\"text-align:left;text-indent:24.0pt;\">\r\n		（<span>4</span>）滑坡特征点虚拟仿真及其知识点考核 <span></span>\r\n	</p>\r\n	<p class=\"MsoNormal\" align=\"left\" style=\"text-align:left;text-indent:24.1pt;\">\r\n		<b>本知识点属于高仿真的核心要素。</b>在静态的滑坡模型中，高清真实地模拟了滑坡体、滑坡台阶、滑坡床、滑坡后壁、滑坡台地、滑坡台地陡坎、滑坡舌、拉张裂隙、剪切裂隙、扇形张裂隙、滑坡鼓丘、醉林等十二个核心特征点。每个特征点均可拉近镜头近距离观察及<span>360</span>度旋转观察。<span></span>\r\n	</p>\r\n	<p class=\"MsoNormal\" align=\"left\" style=\"text-align:left;text-indent:24.0pt;\">\r\n		考核时，系统在静态的滑坡模型中高亮显示要考查的滑坡特征点，学生通过交互方式进行选择，从而检查学生的掌握程度。<span></span>\r\n	</p>\r\n	<p class=\"MsoNormal\" align=\"left\" style=\"text-align:left;text-indent:24.0pt;\">\r\n		（<span>5</span>）滑坡治理虚拟仿真及其考核<span></span>\r\n	</p>\r\n	<p class=\"MsoNormal\" align=\"left\" style=\"text-align:left;text-indent:24.1pt;\">\r\n		<b>本知识点属于高仿真的核心要素。</b>滑坡治理利用三维动画仿真技术，高清真实的还原了格构式支护、抗滑桩支护、挡墙支护及辅助排水设施等滑坡治理技术的基本原理及其施工过程。\r\n整个过程中学生可拉近镜头近距离观察及<span>360</span>度旋转观察，对滑坡的各细部特征进行细致全面的体验。<span></span>\r\n	</p>\r\n	<p class=\"MsoNormal\" align=\"left\" style=\"text-align:left;text-indent:24.0pt;\">\r\n		滑坡治理考核利用基于案例的自主设计探究式教学方法，学生对各种支护方案中的主要构件进行选择，自行设计支护方案，系统判断设计的合理性并采用虚拟仿真动画的方式模拟设计后可能出现的结果，让学生直观生动地理解自己设计方案的合理性和经济性。<span></span>\r\n	</p>\r\n<p></p>\r\n<p class=\"MsoNormal\" align=\"left\" style=\"text-indent:24pt;\">\r\n	<br>\r\n</p></div>\r\n    </section>',NULL,NULL,NULL,NULL,NULL),(30,'http://47.106.255.216/landslide/images/guide/8.png','实验考核要求',8,'实验考核要求','<section id=\"content\" style=\"padding-bottom: 120px;\">\r\n\r\n        <div class=\"container content\" style=\"position: relative;color: #0b0b0b\"><p class=\"MsoNormal\" align=\"left\" style=\"text-align:left;\">\r\n	</p><p class=\"MsoNormal\" align=\"left\" style=\"text-align:left;text-indent:24.0pt;\">\r\n		本实验将以滑坡地质灾害的辨识特征、滑坡的力学机制、触发因素和防治工程措施为仿真对象，重现滑坡的发生过程及其细部特征，供学生学习。滑坡的发生主要是斜坡上的土体或者岩体，在强降雨、地震、上部堆载（堆载式滑坡）或者底部切坡（牵引式滑坡）的影响下，沿着某个面向下滑动的过程。<span></span>\r\n	</p>\r\n	<p class=\"MsoNormal\" align=\"left\" style=\"text-align:left;text-indent:24.0pt;\">\r\n		本实验的实验原理如下：<span></span>\r\n	</p>\r\n	<p class=\"MsoNormal\" align=\"left\" style=\"text-align:left;text-indent:24.0pt;\">\r\n		(1)学习部分<span></span>\r\n	</p>\r\n	<p class=\"MsoNormal\" align=\"left\" style=\"margin-left:45.0pt;text-align:left;text-indent:-21.0pt;\">\r\n		1)&nbsp;&nbsp;\r\n采用基于案例的网络多媒体知识点教学法，利用文字、图片、动画等方式展现各类滑坡的定义、原理以及各类滑坡案例，包括国内外滑坡灾害救援中的表面，让学生在掌握滑坡分类的基本知识的同时，增强对祖国防灾救灾工作的信心和优越感。<span></span>\r\n	</p>\r\n	<p class=\"MsoNormal\" align=\"left\" style=\"margin-left:45.0pt;text-align:left;text-indent:-21.0pt;\">\r\n		2)&nbsp;&nbsp;\r\n采用案例虚拟仿真体验式教学法，从空中鸟瞰和纵剖面两个角度，对降雨及底部切坡（牵引式滑坡）的滑坡过程进行了细致高清的动画模拟。动画结束后，在滑坡的静态模型中高亮显示滑坡的各个特征点，引导学生体验滑坡的各个特征点。整个过程仿真高，学生可在实验中通过拉近镜头和<span>360</span>度旋转等方式近距离细致地观察体验滑坡的各个特征点，进而通过这些特征点掌握滑坡的野外识别方法。<span></span>\r\n	</p>\r\n	<p class=\"MsoNormal\" align=\"left\" style=\"margin-left:45.0pt;text-align:left;text-indent:-21.0pt;\">\r\n		3)&nbsp;&nbsp;\r\n采用案例虚拟仿真体验式教学法，对降雨及底部切坡（牵引式滑坡）的滑坡进行治理，内容包括挡土墙、格构式支护、抗滑桩、锚杆（锚索）和排水沟等工程措施的虚拟仿真。整个过程仿真高，学生可在实验中通过拉近镜头和<span>360</span>度旋转等方式近距离细致地观察体验<span></span>\r\n	</p>\r\n	<p class=\"MsoNormal\" align=\"left\" style=\"text-align:left;\">\r\n		（<span>2</span>）考核部分<span></span>\r\n	</p>\r\n	<p class=\"MsoNormal\" align=\"left\" style=\"margin-left:45.0pt;text-align:left;text-indent:-21.0pt;\">\r\n		1)&nbsp;&nbsp;\r\n采用案例虚拟仿真交互式教学法，在滑坡模型中高亮显示高亮显示某个滑坡的特征点，学生选择正确的答案进行考核，从而加深学生对滑坡特征点的认识；<span></span>\r\n	</p>\r\n	<p class=\"MsoNormal\" align=\"left\" style=\"margin-left:45.0pt;text-align:left;text-indent:-21.0pt;\">\r\n		2)&nbsp;&nbsp;\r\n采用参与式自主设计探究教学法，虚拟仿真学生设计的滑坡防治措施，实时反馈设计效果。学生通过选择合适的工程治理参数，理解不同治理措施的作用原理，掌握其设计方法。<span></span>\r\n	</p>\r\n	<p class=\"MsoNormal\" align=\"left\" style=\"margin-left:45.0pt;text-align:left;text-indent:-21.0pt;\">\r\n		3)&nbsp;&nbsp;\r\n在案例虚拟仿真体验式教学法对滑坡治理知识进行学习后，让学生自主选择合适的抗滑桩、锚杆（锚索）的参数，自主进行设计，仿真试验判断其设计效果。鉴于滑坡防治设计的复杂性，目前仅完成抗滑桩、锚杆（锚索）的长度必须穿过滑动面这一知识点，更细致的设计将在进一步的工作中完成。<span></span>\r\n	</p>\r\n	<p class=\"MsoNormal\" align=\"left\" style=\"text-align:left;text-indent:24.0pt;\">\r\n		实验内容主要包括：<span></span>\r\n	</p>\r\n	<p class=\"MsoNormal\" align=\"left\" style=\"text-align:left;text-indent:24.0pt;\">\r\n		（<span>1</span>）滑坡的虚拟仿真体验，在降雨、切坡等作用下，滑坡体开始滑动的过程，给学生直观体验，理解触发因子的重要性。<span></span>\r\n	</p>\r\n	<p class=\"MsoNormal\" align=\"left\" style=\"text-align:left;text-indent:24.0pt;\">\r\n		（<span>2</span>）滑坡的基本特征，认识滑坡、特别是古滑坡的形态特征，用于判断其稳定性；<span></span>\r\n	</p>\r\n	<p class=\"MsoNormal\" align=\"left\" style=\"text-align:left;text-indent:24.0pt;\">\r\n		（<span>3</span>）滑坡的工程防治措施的体验及探究式学习，让学生理解挡土墙、格构式、抗滑桩、锚杆（锚索）和排水沟等工程措施的作用原理。<span></span>\r\n	</p>\r\n	<p class=\"MsoNormal\" align=\"left\" style=\"text-align:left;text-indent:24.0pt;\">\r\n		（<span>4</span>）实验学习效果测验。<span></span>\r\n	</p>\r\n	<p class=\"MsoNormal\" align=\"left\" style=\"text-align:left;text-indent:24.0pt;\">\r\n		让学生自主设计抗滑措施，改变参数，体验其有效性。<span></span>\r\n	</p>\r\n	<p class=\"MsoNormal\" align=\"left\" style=\"text-align:left;text-indent:24.0pt;\">\r\n		<br>\r\n	</p>\r\n	<p class=\"MsoNormal\" align=\"left\" style=\"text-align:left;text-indent:24.0pt;\">\r\n		整个实验涵盖了土木工程专业学生需要掌握的滑坡地质灾害及其防治知识，提供了文字、图片、动画、虚拟仿真等多种形式的教学资源。其中，对于滑坡的发展过程和治理技术等进行了细致的实景仿真（如图<span>1</span>所示），所有场景和动画等均具较高仿真度，能直观地观察滑坡发生的整个过程、力学机理和工程措施的作用。涉及的各知识点详述如下。<span></span>\r\n	</p>\r\n	<p class=\"MsoNormal\">\r\n		<b></b>\r\n	</p>\r\n	<p class=\"MsoNormal\" align=\"center\" style=\"text-align:center;\">\r\n		图<span>1 </span>滑坡地质灾害及其防治的虚拟仿真实验内容<span></span>\r\n	</p>\r\n	<p class=\"MsoNormal\" align=\"center\" style=\"text-align:center;\">\r\n		<img src=\"http://47.106.255.216/landslide/images/guide/2-1.png\" alt=\"\" style=\"width:900px\">\r\n	</p>\r\n	<p class=\"MsoNormal\" align=\"left\" style=\"text-align:left;text-indent:24.1pt;\">\r\n		<b></b>\r\n	</p>\r\n	<p class=\"MsoNormal\" align=\"left\" style=\"text-align:left;text-indent:24.1pt;\">\r\n		<b>知识点：共 <span>5 </span>个<span></span></b>\r\n	</p>\r\n	<p class=\"MsoNormal\" align=\"left\" style=\"text-align:left;text-indent:24.0pt;\">\r\n		（<span>1</span>）滑坡的分类<span></span>\r\n	</p>\r\n	<p class=\"MsoNormal\" align=\"left\" style=\"text-align:left;text-indent:24.0pt;\">\r\n		主要以文字、图片和动画等方式展现和解释各类滑坡的定义、特征以及各类滑坡案例，非高仿真的核心要素。<span></span>\r\n	</p>\r\n	<p class=\"MsoNormal\" align=\"left\" style=\"text-align:left;text-indent:24.0pt;\">\r\n		（<span>2</span>）降雨触发的滑坡机制虚拟仿真<span></span>\r\n	</p>\r\n	<p class=\"MsoNormal\" align=\"left\" style=\"text-align:left;text-indent:24.1pt;\">\r\n		<b>本知识点属于高仿真的核心要素。</b>利用三维动画仿真技术从高空鸟瞰和纵剖面两个角度，高清晰真实地还原降雨触发的滑坡机制。整个过程中学生可拉近镜头近距离观察及<span>360</span>度旋转观察，对滑坡各阶段的细部特征进行详细全面的体验。<span></span>\r\n	</p>\r\n	<p class=\"MsoNormal\" align=\"left\" style=\"text-align:left;text-indent:24.0pt;\">\r\n		（<span>3</span>）切坡牵引触发的滑坡机制虚拟仿真<span></span>\r\n	</p>\r\n	<p class=\"MsoNormal\" align=\"left\" style=\"text-align:left;text-indent:24.1pt;\">\r\n		<b>本知识点属于高仿真的核心要素。</b>利用三维动画仿真技术从高空鸟瞰和纵剖面两个角度，高清晰真实的还原了切坡牵引触发（人工切坡或河流切坡）滑坡的机制，整个过程中学生可拉近镜头近距离观察及<span>360</span>度旋转观察，对滑坡各阶段的细部特征进行细致全面的体验。<span></span>\r\n	</p>\r\n	<p class=\"MsoNormal\" align=\"left\" style=\"text-align:left;text-indent:24.0pt;\">\r\n		（<span>4</span>）滑坡特征点虚拟仿真及其知识点考核 <span></span>\r\n	</p>\r\n	<p class=\"MsoNormal\" align=\"left\" style=\"text-align:left;text-indent:24.1pt;\">\r\n		<b>本知识点属于高仿真的核心要素。</b>在静态的滑坡模型中，高清真实地模拟了滑坡体、滑坡台阶、滑坡床、滑坡后壁、滑坡台地、滑坡台地陡坎、滑坡舌、拉张裂隙、剪切裂隙、扇形张裂隙、滑坡鼓丘、醉林等十二个核心特征点。每个特征点均可拉近镜头近距离观察及<span>360</span>度旋转观察。<span></span>\r\n	</p>\r\n	<p class=\"MsoNormal\" align=\"left\" style=\"text-align:left;text-indent:24.0pt;\">\r\n		考核时，系统在静态的滑坡模型中高亮显示要考查的滑坡特征点，学生通过交互方式进行选择，从而检查学生的掌握程度。<span></span>\r\n	</p>\r\n	<p class=\"MsoNormal\" align=\"left\" style=\"text-align:left;text-indent:24.0pt;\">\r\n		（<span>5</span>）滑坡治理虚拟仿真及其考核<span></span>\r\n	</p>\r\n	<p class=\"MsoNormal\" align=\"left\" style=\"text-align:left;text-indent:24.1pt;\">\r\n		<b>本知识点属于高仿真的核心要素。</b>滑坡治理利用三维动画仿真技术，高清真实的还原了格构式支护、抗滑桩支护、挡墙支护及辅助排水设施等滑坡治理技术的基本原理及其施工过程。\r\n整个过程中学生可拉近镜头近距离观察及<span>360</span>度旋转观察，对滑坡的各细部特征进行细致全面的体验。<span></span>\r\n	</p>\r\n	<p class=\"MsoNormal\" align=\"left\" style=\"text-align:left;text-indent:24.0pt;\">\r\n		滑坡治理考核利用基于案例的自主设计探究式教学方法，学生对各种支护方案中的主要构件进行选择，自行设计支护方案，系统判断设计的合理性并采用虚拟仿真动画的方式模拟设计后可能出现的结果，让学生直观生动地理解自己设计方案的合理性和经济性。<span></span>\r\n	</p>\r\n<p></p>\r\n<p class=\"MsoNormal\" align=\"left\" style=\"text-indent:24pt;\">\r\n	<br>\r\n</p></div>\r\n    </section>',NULL,NULL,NULL,NULL,NULL),(31,'http://47.106.255.216/landslide/images/guide/9.png','面向学生要求',NULL,'面向学生要求','<section id=\"content\" style=\"padding-bottom: 120px;\">\r\n\r\n        <div class=\"container content\" style=\"position: relative;color: #0b0b0b\"><p class=\"MsoNormal\" align=\"left\" style=\"text-align:left;\">\r\n	</p><p class=\"MsoNormal\" align=\"left\" style=\"text-align:left;text-indent:24.0pt;\">\r\n		本实验将以滑坡地质灾害的辨识特征、滑坡的力学机制、触发因素和防治工程措施为仿真对象，重现滑坡的发生过程及其细部特征，供学生学习。滑坡的发生主要是斜坡上的土体或者岩体，在强降雨、地震、上部堆载（堆载式滑坡）或者底部切坡（牵引式滑坡）的影响下，沿着某个面向下滑动的过程。<span></span>\r\n	</p>\r\n	<p class=\"MsoNormal\" align=\"left\" style=\"text-align:left;text-indent:24.0pt;\">\r\n		本实验的实验原理如下：<span></span>\r\n	</p>\r\n	<p class=\"MsoNormal\" align=\"left\" style=\"text-align:left;text-indent:24.0pt;\">\r\n		(1)学习部分<span></span>\r\n	</p>\r\n	<p class=\"MsoNormal\" align=\"left\" style=\"margin-left:45.0pt;text-align:left;text-indent:-21.0pt;\">\r\n		1)&nbsp;&nbsp;\r\n采用基于案例的网络多媒体知识点教学法，利用文字、图片、动画等方式展现各类滑坡的定义、原理以及各类滑坡案例，包括国内外滑坡灾害救援中的表面，让学生在掌握滑坡分类的基本知识的同时，增强对祖国防灾救灾工作的信心和优越感。<span></span>\r\n	</p>\r\n	<p class=\"MsoNormal\" align=\"left\" style=\"margin-left:45.0pt;text-align:left;text-indent:-21.0pt;\">\r\n		2)&nbsp;&nbsp;\r\n采用案例虚拟仿真体验式教学法，从空中鸟瞰和纵剖面两个角度，对降雨及底部切坡（牵引式滑坡）的滑坡过程进行了细致高清的动画模拟。动画结束后，在滑坡的静态模型中高亮显示滑坡的各个特征点，引导学生体验滑坡的各个特征点。整个过程仿真高，学生可在实验中通过拉近镜头和<span>360</span>度旋转等方式近距离细致地观察体验滑坡的各个特征点，进而通过这些特征点掌握滑坡的野外识别方法。<span></span>\r\n	</p>\r\n	<p class=\"MsoNormal\" align=\"left\" style=\"margin-left:45.0pt;text-align:left;text-indent:-21.0pt;\">\r\n		3)&nbsp;&nbsp;\r\n采用案例虚拟仿真体验式教学法，对降雨及底部切坡（牵引式滑坡）的滑坡进行治理，内容包括挡土墙、格构式支护、抗滑桩、锚杆（锚索）和排水沟等工程措施的虚拟仿真。整个过程仿真高，学生可在实验中通过拉近镜头和<span>360</span>度旋转等方式近距离细致地观察体验<span></span>\r\n	</p>\r\n	<p class=\"MsoNormal\" align=\"left\" style=\"text-align:left;\">\r\n		（<span>2</span>）考核部分<span></span>\r\n	</p>\r\n	<p class=\"MsoNormal\" align=\"left\" style=\"margin-left:45.0pt;text-align:left;text-indent:-21.0pt;\">\r\n		1)&nbsp;&nbsp;\r\n采用案例虚拟仿真交互式教学法，在滑坡模型中高亮显示高亮显示某个滑坡的特征点，学生选择正确的答案进行考核，从而加深学生对滑坡特征点的认识；<span></span>\r\n	</p>\r\n	<p class=\"MsoNormal\" align=\"left\" style=\"margin-left:45.0pt;text-align:left;text-indent:-21.0pt;\">\r\n		2)&nbsp;&nbsp;\r\n采用参与式自主设计探究教学法，虚拟仿真学生设计的滑坡防治措施，实时反馈设计效果。学生通过选择合适的工程治理参数，理解不同治理措施的作用原理，掌握其设计方法。<span></span>\r\n	</p>\r\n	<p class=\"MsoNormal\" align=\"left\" style=\"margin-left:45.0pt;text-align:left;text-indent:-21.0pt;\">\r\n		3)&nbsp;&nbsp;\r\n在案例虚拟仿真体验式教学法对滑坡治理知识进行学习后，让学生自主选择合适的抗滑桩、锚杆（锚索）的参数，自主进行设计，仿真试验判断其设计效果。鉴于滑坡防治设计的复杂性，目前仅完成抗滑桩、锚杆（锚索）的长度必须穿过滑动面这一知识点，更细致的设计将在进一步的工作中完成。<span></span>\r\n	</p>\r\n	<p class=\"MsoNormal\" align=\"left\" style=\"text-align:left;text-indent:24.0pt;\">\r\n		实验内容主要包括：<span></span>\r\n	</p>\r\n	<p class=\"MsoNormal\" align=\"left\" style=\"text-align:left;text-indent:24.0pt;\">\r\n		（<span>1</span>）滑坡的虚拟仿真体验，在降雨、切坡等作用下，滑坡体开始滑动的过程，给学生直观体验，理解触发因子的重要性。<span></span>\r\n	</p>\r\n	<p class=\"MsoNormal\" align=\"left\" style=\"text-align:left;text-indent:24.0pt;\">\r\n		（<span>2</span>）滑坡的基本特征，认识滑坡、特别是古滑坡的形态特征，用于判断其稳定性；<span></span>\r\n	</p>\r\n	<p class=\"MsoNormal\" align=\"left\" style=\"text-align:left;text-indent:24.0pt;\">\r\n		（<span>3</span>）滑坡的工程防治措施的体验及探究式学习，让学生理解挡土墙、格构式、抗滑桩、锚杆（锚索）和排水沟等工程措施的作用原理。<span></span>\r\n	</p>\r\n	<p class=\"MsoNormal\" align=\"left\" style=\"text-align:left;text-indent:24.0pt;\">\r\n		（<span>4</span>）实验学习效果测验。<span></span>\r\n	</p>\r\n	<p class=\"MsoNormal\" align=\"left\" style=\"text-align:left;text-indent:24.0pt;\">\r\n		让学生自主设计抗滑措施，改变参数，体验其有效性。<span></span>\r\n	</p>\r\n	<p class=\"MsoNormal\" align=\"left\" style=\"text-align:left;text-indent:24.0pt;\">\r\n		<br>\r\n	</p>\r\n	<p class=\"MsoNormal\" align=\"left\" style=\"text-align:left;text-indent:24.0pt;\">\r\n		整个实验涵盖了土木工程专业学生需要掌握的滑坡地质灾害及其防治知识，提供了文字、图片、动画、虚拟仿真等多种形式的教学资源。其中，对于滑坡的发展过程和治理技术等进行了细致的实景仿真（如图<span>1</span>所示），所有场景和动画等均具较高仿真度，能直观地观察滑坡发生的整个过程、力学机理和工程措施的作用。涉及的各知识点详述如下。<span></span>\r\n	</p>\r\n	<p class=\"MsoNormal\">\r\n		<b></b>\r\n	</p>\r\n	<p class=\"MsoNormal\" align=\"center\" style=\"text-align:center;\">\r\n		图<span>1 </span>滑坡地质灾害及其防治的虚拟仿真实验内容<span></span>\r\n	</p>\r\n	<p class=\"MsoNormal\" align=\"center\" style=\"text-align:center;\">\r\n		<img src=\"http://47.106.255.216/landslide/images/guide/2-1.png\" alt=\"\" style=\"width:900px\">\r\n	</p>\r\n	<p class=\"MsoNormal\" align=\"left\" style=\"text-align:left;text-indent:24.1pt;\">\r\n		<b></b>\r\n	</p>\r\n	<p class=\"MsoNormal\" align=\"left\" style=\"text-align:left;text-indent:24.1pt;\">\r\n		<b>知识点：共 <span>5 </span>个<span></span></b>\r\n	</p>\r\n	<p class=\"MsoNormal\" align=\"left\" style=\"text-align:left;text-indent:24.0pt;\">\r\n		（<span>1</span>）滑坡的分类<span></span>\r\n	</p>\r\n	<p class=\"MsoNormal\" align=\"left\" style=\"text-align:left;text-indent:24.0pt;\">\r\n		主要以文字、图片和动画等方式展现和解释各类滑坡的定义、特征以及各类滑坡案例，非高仿真的核心要素。<span></span>\r\n	</p>\r\n	<p class=\"MsoNormal\" align=\"left\" style=\"text-align:left;text-indent:24.0pt;\">\r\n		（<span>2</span>）降雨触发的滑坡机制虚拟仿真<span></span>\r\n	</p>\r\n	<p class=\"MsoNormal\" align=\"left\" style=\"text-align:left;text-indent:24.1pt;\">\r\n		<b>本知识点属于高仿真的核心要素。</b>利用三维动画仿真技术从高空鸟瞰和纵剖面两个角度，高清晰真实地还原降雨触发的滑坡机制。整个过程中学生可拉近镜头近距离观察及<span>360</span>度旋转观察，对滑坡各阶段的细部特征进行详细全面的体验。<span></span>\r\n	</p>\r\n	<p class=\"MsoNormal\" align=\"left\" style=\"text-align:left;text-indent:24.0pt;\">\r\n		（<span>3</span>）切坡牵引触发的滑坡机制虚拟仿真<span></span>\r\n	</p>\r\n	<p class=\"MsoNormal\" align=\"left\" style=\"text-align:left;text-indent:24.1pt;\">\r\n		<b>本知识点属于高仿真的核心要素。</b>利用三维动画仿真技术从高空鸟瞰和纵剖面两个角度，高清晰真实的还原了切坡牵引触发（人工切坡或河流切坡）滑坡的机制，整个过程中学生可拉近镜头近距离观察及<span>360</span>度旋转观察，对滑坡各阶段的细部特征进行细致全面的体验。<span></span>\r\n	</p>\r\n	<p class=\"MsoNormal\" align=\"left\" style=\"text-align:left;text-indent:24.0pt;\">\r\n		（<span>4</span>）滑坡特征点虚拟仿真及其知识点考核 <span></span>\r\n	</p>\r\n	<p class=\"MsoNormal\" align=\"left\" style=\"text-align:left;text-indent:24.1pt;\">\r\n		<b>本知识点属于高仿真的核心要素。</b>在静态的滑坡模型中，高清真实地模拟了滑坡体、滑坡台阶、滑坡床、滑坡后壁、滑坡台地、滑坡台地陡坎、滑坡舌、拉张裂隙、剪切裂隙、扇形张裂隙、滑坡鼓丘、醉林等十二个核心特征点。每个特征点均可拉近镜头近距离观察及<span>360</span>度旋转观察。<span></span>\r\n	</p>\r\n	<p class=\"MsoNormal\" align=\"left\" style=\"text-align:left;text-indent:24.0pt;\">\r\n		考核时，系统在静态的滑坡模型中高亮显示要考查的滑坡特征点，学生通过交互方式进行选择，从而检查学生的掌握程度。<span></span>\r\n	</p>\r\n	<p class=\"MsoNormal\" align=\"left\" style=\"text-align:left;text-indent:24.0pt;\">\r\n		（<span>5</span>）滑坡治理虚拟仿真及其考核<span></span>\r\n	</p>\r\n	<p class=\"MsoNormal\" align=\"left\" style=\"text-align:left;text-indent:24.1pt;\">\r\n		<b>本知识点属于高仿真的核心要素。</b>滑坡治理利用三维动画仿真技术，高清真实的还原了格构式支护、抗滑桩支护、挡墙支护及辅助排水设施等滑坡治理技术的基本原理及其施工过程。\r\n整个过程中学生可拉近镜头近距离观察及<span>360</span>度旋转观察，对滑坡的各细部特征进行细致全面的体验。<span></span>\r\n	</p>\r\n	<p class=\"MsoNormal\" align=\"left\" style=\"text-align:left;text-indent:24.0pt;\">\r\n		滑坡治理考核利用基于案例的自主设计探究式教学方法，学生对各种支护方案中的主要构件进行选择，自行设计支护方案，系统判断设计的合理性并采用虚拟仿真动画的方式模拟设计后可能出现的结果，让学生直观生动地理解自己设计方案的合理性和经济性。<span></span>\r\n	</p>\r\n<p></p>\r\n<p class=\"MsoNormal\" align=\"left\" style=\"text-indent:24pt;\">\r\n	<br>\r\n</p></div>\r\n    </section>',NULL,NULL,NULL,NULL,NULL);

/*Table structure for table `t_carousel` */

DROP TABLE IF EXISTS `t_carousel`;

CREATE TABLE `t_carousel` (
  `id` int(11) NOT NULL AUTO_INCREMENT COMMENT '主键id',
  `image_url` varchar(256) DEFAULT NULL COMMENT '图片地址',
  `goto_url` varchar(256) DEFAULT NULL COMMENT '跳转地址',
  `create_time` datetime DEFAULT NULL COMMENT '创建时间',
  `school_id` int(11) DEFAULT NULL COMMENT '商铺id，通用传-1',
  `carousel_level` int(2) DEFAULT '1' COMMENT '轮播等级 1 首页轮播 2 菜单页轮播',
  `carousel_status` int(2) DEFAULT '1' COMMENT '轮播图状态 0 不可用 1可用',
  PRIMARY KEY (`id`)
) ENGINE=InnoDB DEFAULT CHARSET=utf8;

/*Data for the table `t_carousel` */

/*Table structure for table `t_global` */

DROP TABLE IF EXISTS `t_global`;

CREATE TABLE `t_global` (
  `id` int(10) NOT NULL AUTO_INCREMENT COMMENT '主键',
  `title` varchar(25) DEFAULT NULL COMMENT '菜单名称',
  `url` varchar(1000) DEFAULT NULL COMMENT 'logo图片地址',
  `buttom_preview` varchar(10) DEFAULT NULL COMMENT '底部显示浏览次数',
  `buttom_use` varchar(10) DEFAULT NULL COMMENT '底部显示实验展示次数',
  `phone` varchar(11) DEFAULT NULL COMMENT '联系电话',
  `tel` varchar(12) DEFAULT NULL COMMENT '固定电话',
  `qr_code` varchar(1000) DEFAULT NULL COMMENT '二维码地址',
  `links` varchar(1000) DEFAULT NULL COMMENT '友情链接',
  `description` varchar(250) DEFAULT NULL COMMENT '描述',
  `create_time` datetime DEFAULT NULL COMMENT '创建时间',
  `create_user` varchar(20) DEFAULT NULL COMMENT '创建人',
  `update_time` datetime DEFAULT NULL COMMENT '更新时间',
  `update_user` varchar(20) DEFAULT NULL COMMENT '更新人',
  `school_id` int(10) DEFAULT NULL COMMENT '学校ID',
  `logo` varchar(1000) DEFAULT NULL COMMENT '网站logo',
  PRIMARY KEY (`id`)
) ENGINE=InnoDB AUTO_INCREMENT=2 DEFAULT CHARSET=utf8;

/*Data for the table `t_global` */

insert  into `t_global`(`id`,`title`,`url`,`buttom_preview`,`buttom_use`,`phone`,`tel`,`qr_code`,`links`,`description`,`create_time`,`create_user`,`update_time`,`update_user`,`school_id`,`logo`) values (1,'测试实验工程','http://47.106.255.216:8088/img/index.jpg','32323','3323','13726043724','0660-6765058','http://47.106.255.216:8088/img/logo.png',NULL,'???????????','2020-10-24 21:44:23',NULL,'2020-10-24 21:44:23',NULL,510000,'http://47.106.255.216:8088/img/logo.png');

/*Table structure for table `t_images` */

DROP TABLE IF EXISTS `t_images`;

CREATE TABLE `t_images` (
  `id` int(10) NOT NULL AUTO_INCREMENT COMMENT '主键',
  `name` varchar(250) DEFAULT NULL COMMENT '名称',
  `type_id` int(10) DEFAULT NULL COMMENT '类型ID',
  `type_name` varchar(250) DEFAULT NULL COMMENT '类型值',
  PRIMARY KEY (`id`)
) ENGINE=InnoDB AUTO_INCREMENT=34 DEFAULT CHARSET=utf8;

/*Data for the table `t_images` */

insert  into `t_images`(`id`,`name`,`type_id`,`type_name`) values (28,'03d017d11b9018aba8f80cdc35aaad9b.png',NULL,NULL),(29,'b59c0a7fbf4e17a9cbc0ed43d2759372.jpg',NULL,NULL),(30,'e087cc4954cc89efb327219f207da325.png',NULL,NULL),(31,'bfb785578876e554b06fbd20cd190cb1.jpg',NULL,NULL),(32,'03d017d11b9018aba8f80cdc35aaad9b.png',NULL,NULL),(33,'b59c0a7fbf4e17a9cbc0ed43d2759372.jpg',NULL,NULL);

/*Table structure for table `t_pdf_file` */

DROP TABLE IF EXISTS `t_pdf_file`;

CREATE TABLE `t_pdf_file` (
  `id` int(10) NOT NULL AUTO_INCREMENT COMMENT '主键',
  `title` varchar(25) DEFAULT NULL COMMENT '标题',
  `description` varchar(1000) DEFAULT NULL COMMENT '描述',
  `type` tinyint(3) DEFAULT NULL COMMENT '类型',
  `sort` tinyint(3) DEFAULT NULL COMMENT '排序',
  `file_url` varchar(500) DEFAULT NULL COMMENT '文件路径',
  `create_time` datetime DEFAULT NULL COMMENT '创建时间',
  `create_user` varchar(20) DEFAULT NULL COMMENT '创建人',
  `update_time` datetime DEFAULT NULL COMMENT '更新时间',
  `update_user` varchar(20) DEFAULT NULL COMMENT '更新人',
  `school_id` int(10) DEFAULT '1' COMMENT '学校ID',
  PRIMARY KEY (`id`)
) ENGINE=InnoDB AUTO_INCREMENT=15 DEFAULT CHARSET=utf8;

/*Data for the table `t_pdf_file` */

insert  into `t_pdf_file`(`id`,`title`,`description`,`type`,`sort`,`file_url`,`create_time`,`create_user`,`update_time`,`update_user`,`school_id`) values (10,'第01讲',NULL,1,4,'http://47.106.255.216/landslide/pdf/newppt/%E7%AC%AC01%E8%AE%B2%E7%BB%AA%E8%AE%BA.ppt',NULL,NULL,NULL,NULL,1),(11,'第02讲',NULL,1,5,'http://47.106.255.216/landslide/pdf/newppt/%E7%AC%AC01%E8%AE%B2%E7%BB%AA%E8%AE%BA.ppt',NULL,NULL,NULL,NULL,1),(12,'第03讲',NULL,2,6,'http://47.106.255.216/landslide/pdf/newppt/%E7%AC%AC01%E8%AE%B2%E7%BB%AA%E8%AE%BA.ppt',NULL,NULL,NULL,NULL,1),(13,'第04讲',NULL,2,7,'http://47.106.255.216/landslide/pdf/newppt/%E7%AC%AC01%E8%AE%B2%E7%BB%AA%E8%AE%BA.ppt',NULL,NULL,NULL,NULL,1),(14,'第05讲',NULL,2,3,'http://47.106.255.216/landslide/pdf/newppt/%E7%AC%AC01%E8%AE%B2%E7%BB%AA%E8%AE%BA.ppt',NULL,NULL,NULL,NULL,1);

/*Table structure for table `t_play_result` */

DROP TABLE IF EXISTS `t_play_result`;

CREATE TABLE `t_play_result` (
  `id` int(10) NOT NULL AUTO_INCREMENT,
  `user_no` varchar(25) NOT NULL,
  `result` int(4) NOT NULL,
  `school_id` int(2) NOT NULL,
  `create_time` datetime DEFAULT NULL,
  `create_user` varchar(25) DEFAULT NULL,
  `update_time` datetime DEFAULT NULL,
  `update_user` varchar(25) DEFAULT NULL,
  PRIMARY KEY (`id`)
) ENGINE=InnoDB AUTO_INCREMENT=3 DEFAULT CHARSET=utf8;

/*Data for the table `t_play_result` */

insert  into `t_play_result`(`id`,`user_no`,`result`,`school_id`,`create_time`,`create_user`,`update_time`,`update_user`) values (1,'20201024',1232,51000001,'2020-10-24 09:15:08',NULL,'2020-10-24 09:15:08',NULL),(2,'20201024',99,51000001,'2020-10-25 09:49:46',NULL,'2020-10-25 09:49:46',NULL);

/*Table structure for table `t_play_user` */

DROP TABLE IF EXISTS `t_play_user`;

CREATE TABLE `t_play_user` (
  `id` int(10) NOT NULL AUTO_INCREMENT,
  `name` varchar(25) NOT NULL,
  `password` varchar(32) NOT NULL,
  `school_id` int(2) NOT NULL,
  `create_time` datetime DEFAULT NULL,
  `create_user` varchar(25) DEFAULT NULL,
  `update_time` datetime DEFAULT NULL,
  `update_user` varchar(25) DEFAULT NULL,
  `user_no` int(25) DEFAULT NULL,
  `md5_password` varchar(250) DEFAULT NULL COMMENT '原始密码',
  PRIMARY KEY (`id`)
) ENGINE=InnoDB AUTO_INCREMENT=6 DEFAULT CHARSET=utf8;

/*Data for the table `t_play_user` */

insert  into `t_play_user`(`id`,`name`,`password`,`school_id`,`create_time`,`create_user`,`update_time`,`update_user`,`user_no`,`md5_password`) values (1,'张三','81dc9bdb52d04dc20036dbd8313ed055',51000001,'2020-10-24 14:06:56',NULL,NULL,NULL,20201024,'81dc9bdb52d04dc20036dbd8313ed055'),(4,'3232','11111111',51000001,'2020-10-25 23:39:39',NULL,'2020-10-25 23:39:39',NULL,323,'81dc9bdb52d04dc20036dbd8313ed055'),(5,'323','11111111',51000001,'2020-10-25 23:44:58',NULL,'2020-10-25 23:44:58',NULL,3232,'149815eb972b3c370dee3b89d645ae14');

/*Table structure for table `t_schools` */

DROP TABLE IF EXISTS `t_schools`;

CREATE TABLE `t_schools` (
  `id` int(11) NOT NULL AUTO_INCREMENT,
  `code` varchar(20) DEFAULT NULL COMMENT '学校编码',
  `name` varchar(30) DEFAULT NULL COMMENT '学校名称',
  PRIMARY KEY (`id`)
) ENGINE=InnoDB AUTO_INCREMENT=3 DEFAULT CHARSET=utf8;

/*Data for the table `t_schools` */

insert  into `t_schools`(`id`,`code`,`name`) values (1,'gzdx','广州大学'),(2,'gdwgydx','广州外国语大学');

/*Table structure for table `t_title` */

DROP TABLE IF EXISTS `t_title`;

CREATE TABLE `t_title` (
  `id` int(10) NOT NULL AUTO_INCREMENT COMMENT '主键',
  `title` varchar(25) DEFAULT NULL COMMENT '菜单名称',
  `url` varchar(1000) DEFAULT NULL COMMENT '菜单名称',
  `description` varchar(500) DEFAULT NULL COMMENT '描述',
  `create_time` datetime DEFAULT NULL COMMENT '创建时间',
  `create_user` varchar(20) DEFAULT NULL COMMENT '创建人',
  `update_time` datetime DEFAULT NULL COMMENT '更新时间',
  `update_user` varchar(20) DEFAULT NULL COMMENT '更新人',
  `type` tinyint(3) DEFAULT '1' COMMENT '类型1-url -2文件',
  `school_id` int(10) DEFAULT NULL COMMENT '学校ID',
  `sort` tinyint(4) DEFAULT NULL COMMENT '排序',
  `content` mediumtext COMMENT '内容',
  PRIMARY KEY (`id`)
) ENGINE=InnoDB AUTO_INCREMENT=1141 DEFAULT CHARSET=utf8;

/*Data for the table `t_title` */

insert  into `t_title`(`id`,`title`,`url`,`description`,`create_time`,`create_user`,`update_time`,`update_user`,`type`,`school_id`,`sort`,`content`) values (1127,'网络要求','http://47.106.255.216/landslide/pdf/index/2019年度国家虚拟仿真实验教学项目申报表.pdf','网络要求',NULL,NULL,NULL,NULL,2,NULL,5,NULL),(1130,'项目架构及技术','http://47.106.255.216/landslide/pdf/index/2019年度国家虚拟仿真实验教学项目申报表.pdf','项目架构及技术','2020-10-08 14:50:06',NULL,NULL,NULL,2,NULL,4,'<table class=\"MsoNormalTable\" border=\"1\" cellspacing=\"0\" cellpadding=\"0\" width=\"603\" style=\"border-collapse:collapse;border:none;\">\r\n			<tbody>\r\n				<tr>\r\n					<td width=\"603\" colspan=\"11\" valign=\"top\" style=\"border:solid windowtext 1.0pt;\">\r\n						<p class=\"MsoNormal\">\r\n							<span style=\"font-size:12.0pt;line-height:120%;font-family:黑体;color:black;\">1-1</span><span style=\"font-size:12.0pt;line-height:120%;font-family:黑体;color:black;\">实验教学项目负责人情况<span></span></span>\r\n						</p>\r\n					</td>\r\n				</tr>\r\n				<tr>\r\n					<td width=\"118\" colspan=\"2\" style=\"border:solid windowtext 1.0pt;\">\r\n						<p class=\"MsoNormal\" align=\"center\" style=\"text-align:center;\">\r\n							<span style=\"font-size:12.0pt;line-height:120%;font-family:黑体;color:black;\">姓 <span>&nbsp;</span>名<span></span></span>\r\n						</p>\r\n					</td>\r\n					<td width=\"99\" colspan=\"2\" style=\"border:solid windowtext 1.0pt;\">\r\n						<p class=\"MsoNormal\" align=\"left\" style=\"text-align:left;\">\r\n							<span style=\"font-size:12.0pt;font-family:宋体;\">郑先昌<span></span></span>\r\n						</p>\r\n					</td>\r\n					<td width=\"55\" style=\"border:solid windowtext 1.0pt;\">\r\n						<p class=\"MsoNormal\" align=\"center\" style=\"text-align:center;\">\r\n							<span style=\"font-size:12.0pt;line-height:120%;font-family:黑体;color:black;\">性别<span></span></span>\r\n						</p>\r\n					</td>\r\n					<td width=\"70\" colspan=\"2\" style=\"border:solid windowtext 1.0pt;\">\r\n						<p class=\"MsoNormal\" align=\"left\" style=\"text-align:left;\">\r\n							<span style=\"font-size:12.0pt;font-family:宋体;\">男<span></span></span>\r\n						</p>\r\n					</td>\r\n					<td width=\"93\" colspan=\"2\" style=\"border:solid windowtext 1.0pt;\">\r\n						<p class=\"MsoNormal\" align=\"center\" style=\"text-align:center;\">\r\n							<span style=\"font-size:12.0pt;line-height:120%;font-family:黑体;color:black;\">出生年月<span></span></span>\r\n						</p>\r\n					</td>\r\n					<td width=\"168\" colspan=\"2\" style=\"border:solid windowtext 1.0pt;\">\r\n						<p class=\"MsoNormal\" align=\"left\" style=\"text-align:left;\">\r\n							<span style=\"font-size:12.0pt;font-family:宋体;\">1969.07</span>\r\n						</p>\r\n					</td>\r\n				</tr>\r\n				<tr>\r\n					<td width=\"118\" colspan=\"2\" style=\"border:solid windowtext 1.0pt;\">\r\n						<p class=\"MsoNormal\" align=\"center\" style=\"text-align:center;\">\r\n							<span style=\"font-size:12.0pt;line-height:120%;font-family:黑体;color:black;\">学 <span>&nbsp;</span>历<span></span></span>\r\n						</p>\r\n					</td>\r\n					<td width=\"99\" colspan=\"2\" style=\"border:solid windowtext 1.0pt;\">\r\n						<p class=\"MsoNormal\" align=\"left\" style=\"text-align:left;\">\r\n							<span style=\"font-size:12.0pt;font-family:宋体;\">研究生<span></span></span>\r\n						</p>\r\n					</td>\r\n					<td width=\"55\" style=\"border:solid windowtext 1.0pt;\">\r\n						<p class=\"MsoNormal\" align=\"center\" style=\"text-align:center;\">\r\n							<span style=\"font-size:12.0pt;line-height:120%;font-family:黑体;color:black;\">学位<span></span></span>\r\n						</p>\r\n					</td>\r\n					<td width=\"70\" colspan=\"2\" style=\"border:solid windowtext 1.0pt;\">\r\n						<p class=\"MsoNormal\" align=\"left\" style=\"text-align:left;\">\r\n							<span style=\"font-size:12.0pt;font-family:宋体;\">博士<span></span></span>\r\n						</p>\r\n					</td>\r\n					<td width=\"93\" colspan=\"2\" style=\"border:solid windowtext 1.0pt;\">\r\n						<p class=\"MsoNormal\" align=\"center\" style=\"text-align:center;\">\r\n							<span style=\"font-size:12.0pt;line-height:120%;font-family:黑体;color:black;\">电<span><span>&nbsp;&nbsp;&nbsp; </span></span>话<span></span></span>\r\n						</p>\r\n					</td>\r\n					<td width=\"168\" colspan=\"2\" style=\"border:solid windowtext 1.0pt;\">\r\n						<p class=\"MsoNormal\" align=\"left\" style=\"text-align:left;\">\r\n							<span style=\"font-size:12.0pt;font-family:宋体;\">13826441595</span>\r\n						</p>\r\n					</td>\r\n				</tr>\r\n				<tr>\r\n					<td width=\"118\" colspan=\"2\" style=\"border:solid windowtext 1.0pt;\">\r\n						<p class=\"MsoNormal\" align=\"center\" style=\"text-align:center;\">\r\n							<span style=\"font-size:12.0pt;line-height:120%;font-family:黑体;color:black;\">专业技<span></span></span>\r\n						</p>\r\n						<p class=\"MsoNormal\" align=\"center\" style=\"text-align:center;\">\r\n							<span style=\"font-size:12.0pt;line-height:120%;font-family:黑体;color:black;\">术职务<span></span></span>\r\n						</p>\r\n					</td>\r\n					<td width=\"99\" colspan=\"2\" style=\"border:solid windowtext 1.0pt;\">\r\n						<p class=\"MsoNormal\" align=\"left\" style=\"text-align:left;\">\r\n							<span style=\"font-size:12.0pt;font-family:宋体;\">教授<span></span></span>\r\n						</p>\r\n					</td>\r\n					<td width=\"55\" style=\"border:solid windowtext 1.0pt;\">\r\n						<p class=\"MsoNormal\" align=\"center\" style=\"text-align:center;\">\r\n							<span style=\"font-size:12.0pt;line-height:120%;font-family:黑体;color:black;\">行政<span></span></span>\r\n						</p>\r\n						<p class=\"MsoNormal\" align=\"center\" style=\"text-align:center;\">\r\n							<span style=\"font-size:12.0pt;line-height:120%;font-family:黑体;color:black;\">职务<span></span></span>\r\n						</p>\r\n					</td>\r\n					<td width=\"70\" colspan=\"2\" style=\"border:solid windowtext 1.0pt;\">\r\n						<p class=\"MsoNormal\" align=\"left\" style=\"text-align:left;\">\r\n							<span style=\"font-size:12.0pt;font-family:宋体;\"></span>\r\n						</p>\r\n					</td>\r\n					<td width=\"93\" colspan=\"2\" style=\"border:solid windowtext 1.0pt;\">\r\n						<p class=\"MsoNormal\" align=\"center\" style=\"text-align:center;\">\r\n							<span style=\"font-size:12.0pt;line-height:120%;font-family:黑体;color:black;\">手<span><span>&nbsp;&nbsp;&nbsp; </span></span>机<span></span></span>\r\n						</p>\r\n					</td>\r\n					<td width=\"168\" colspan=\"2\" style=\"border:solid windowtext 1.0pt;\">\r\n						<p class=\"MsoNormal\" align=\"left\" style=\"margin-left:-6.4pt;text-align:left;\">\r\n							<span style=\"font-size:12.0pt;font-family:宋体;\">13826441595</span>\r\n						</p>\r\n					</td>\r\n				</tr>\r\n				<tr>\r\n					<td width=\"118\" colspan=\"2\" style=\"border:solid windowtext 1.0pt;\">\r\n						<p class=\"MsoNormal\" align=\"center\" style=\"text-align:center;\">\r\n							<span style=\"font-size:12.0pt;line-height:120%;font-family:黑体;color:black;\">院<span><span>&nbsp; </span></span>系<span></span></span>\r\n						</p>\r\n					</td>\r\n					<td width=\"223\" colspan=\"5\" style=\"border:solid windowtext 1.0pt;\">\r\n						<p class=\"MsoNormal\" align=\"left\" style=\"text-align:left;\">\r\n							<span style=\"font-size:12.0pt;font-family:仿宋;\">土木工程学院地下建筑工程系</span><span style=\"font-size:12.0pt;font-family:&quot;\"></span>\r\n						</p>\r\n					</td>\r\n					<td width=\"93\" colspan=\"2\" style=\"border:solid windowtext 1.0pt;\">\r\n						<p class=\"MsoNormal\" align=\"center\" style=\"text-align:center;\">\r\n							<span style=\"font-size:12.0pt;line-height:120%;font-family:黑体;color:black;\">电子邮箱<span></span></span>\r\n						</p>\r\n					</td>\r\n					<td width=\"168\" colspan=\"2\" style=\"border:solid windowtext 1.0pt;\">\r\n						<p class=\"MsoNormal\" align=\"left\" style=\"text-align:left;\">\r\n							<span style=\"font-size:12.0pt;line-height:200%;font-family:&quot;\">zhengxianchang@gzhu.edu.cn</span><span style=\"font-size:12.0pt;line-height:200%;font-family:黑体;\"></span>\r\n						</p>\r\n					</td>\r\n				</tr>\r\n				<tr>\r\n					<td width=\"118\" colspan=\"2\" style=\"border:solid windowtext 1.0pt;\">\r\n						<p class=\"MsoNormal\" align=\"center\" style=\"text-align:center;\">\r\n							<span style=\"font-size:12.0pt;line-height:120%;font-family:黑体;color:black;\">地<span><span>&nbsp; </span></span>址<span></span></span>\r\n						</p>\r\n					</td>\r\n					<td width=\"223\" colspan=\"5\" style=\"border:solid windowtext 1.0pt;\">\r\n						<p class=\"MsoNormal\" align=\"left\" style=\"text-align:left;\">\r\n							<span style=\"font-size:12.0pt;font-family:仿宋;\">广州市大学城外环西路</span><span style=\"font-size:12.0pt;font-family:&quot;\">230</span><span style=\"font-size:12.0pt;font-family:仿宋;\">号</span><span style=\"font-size:12.0pt;font-family:黑体;\"></span>\r\n						</p>\r\n					</td>\r\n					<td width=\"93\" colspan=\"2\" style=\"border:solid windowtext 1.0pt;\">\r\n						<p class=\"MsoNormal\" align=\"center\" style=\"text-align:center;\">\r\n							<span style=\"font-size:12.0pt;line-height:120%;font-family:黑体;color:black;\">邮<span><span>&nbsp;&nbsp;&nbsp; </span></span>编<span></span></span>\r\n						</p>\r\n					</td>\r\n					<td width=\"168\" colspan=\"2\" style=\"border:solid windowtext 1.0pt;\">\r\n						<p class=\"MsoNormal\" align=\"left\" style=\"text-align:left;\">\r\n							<span style=\"font-family:&quot;\">510006</span><span style=\"font-size:12.0pt;font-family:黑体;\"></span>\r\n						</p>\r\n					</td>\r\n				</tr>\r\n				<tr>\r\n					<td width=\"603\" colspan=\"11\" valign=\"top\" style=\"border:solid windowtext 1.0pt;\">\r\n						<p class=\"MsoNormal\" align=\"left\" style=\"text-align:left;\">\r\n							<span style=\"font-size:12.0pt;line-height:120%;font-family:黑体;color:black;\">教学研究情况：</span><span style=\"font-size:11.0pt;line-height:120%;font-family:仿宋_GB2312;color:black;\">主持的教学研究课题（含课题名称、来源、年限，不超过</span><span style=\"font-size:11.0pt;line-height:120%;font-family:&quot;color:black;\">5</span><span style=\"font-size:11.0pt;line-height:120%;font-family:仿宋_GB2312;color:black;\">项）；作为第一署名人在国内外公开发行的刊物上发表的教学研究论文（含题目、刊物名称、时间，不超过</span><span style=\"font-size:11.0pt;line-height:120%;font-family:&quot;color:black;\">10</span><span style=\"font-size:11.0pt;line-height:120%;font-family:仿宋_GB2312;color:black;\">项）；获得的教学表彰</span><span style=\"font-size:11.0pt;line-height:120%;font-family:&quot;color:black;\">/</span><span style=\"font-size:11.0pt;line-height:120%;font-family:仿宋_GB2312;color:black;\">奖励（不超过</span><span style=\"font-size:11.0pt;line-height:120%;font-family:&quot;color:black;\">5</span><span style=\"font-size:11.0pt;line-height:120%;font-family:仿宋_GB2312;color:black;\">项）。</span><span style=\"font-size:11.0pt;line-height:120%;font-family:&quot;color:black;\"></span>\r\n						</p>\r\n						<p class=\"MsoNormal\" align=\"left\" style=\"margin-left:0cm;text-align:left;text-indent:22.1pt;\">\r\n							<b><span style=\"font-size:11.0pt;line-height:150%;font-family:仿宋;\">一、主持的教学研究课题<span></span></span></b>\r\n						</p>\r\n						<p class=\"MsoNormal\" align=\"left\" style=\"margin-left:0cm;text-align:left;text-indent:-21.0pt;\">\r\n							<span style=\"font-size:12.0pt;line-height:150%;font-family:仿宋;\"><span><span>&nbsp;&nbsp;&nbsp;&nbsp;&nbsp; &nbsp;</span></span></span><span style=\"font-size:12.0pt;line-height:150%;font-family:仿宋;\">1.</span><span style=\"font-size:12.0pt;line-height:150%;font-family:仿宋;\">《工程地质学》教学电子课件开发，广州大学项目，<span>2006</span>－<span>2007 </span></span>\r\n						</p>\r\n						<p class=\"MsoNormal\" align=\"left\" style=\"margin-left:0cm;text-align:left;text-indent:-21.0pt;\">\r\n							<span style=\"font-size:12.0pt;line-height:150%;font-family:仿宋;\"><span><span>&nbsp;&nbsp;&nbsp;&nbsp;&nbsp; &nbsp;</span></span></span><span style=\"font-size:12.0pt;line-height:150%;font-family:仿宋;\">2.</span><span style=\"font-size:12.0pt;line-height:150%;font-family:仿宋;\">《岩土工程勘察教学网络课程建设》广州大学项目，<span>2008</span>－<span>2010</span></span>\r\n						</p>\r\n						<p class=\"MsoNormal\" align=\"left\" style=\"margin-left:0cm;text-align:left;text-indent:-21.0pt;\">\r\n							<span style=\"font-size:12.0pt;line-height:150%;font-family:仿宋;\"><span><span>&nbsp;&nbsp;&nbsp;&nbsp;&nbsp; &nbsp;</span></span></span><span style=\"font-size:12.0pt;line-height:150%;font-family:仿宋;\">3. </span><span style=\"font-size:12.0pt;line-height:150%;font-family:仿宋;\">青年骨干教师国内访问学者（赴中山大学），教育部，<span>2008.09-2009.09</span>&emsp;<span></span></span>\r\n						</p>\r\n						<p class=\"MsoNormal\" align=\"left\" style=\"margin-left:0cm;text-align:left;text-indent:-21.0pt;\">\r\n							<span style=\"font-size:12.0pt;line-height:150%;font-family:仿宋;\"><span><span>&nbsp;&nbsp;&nbsp;&nbsp;&nbsp; &nbsp;</span></span></span><span style=\"font-size:12.0pt;line-height:150%;font-family:仿宋;\">4</span><span style=\"font-size:12.0pt;line-height:150%;font-family:仿宋;\">、教学法及科研出国研修，留学基金委项目，<span>2017.09-2018.08</span></span>\r\n						</p>\r\n						<p class=\"MsoNormal\" align=\"left\" style=\"margin-left:0cm;text-align:left;text-indent:-21.0pt;\">\r\n							<span style=\"font-size:12.0pt;line-height:150%;font-family:仿宋;\"><span><span>&nbsp;&nbsp;&nbsp;&nbsp;&nbsp; &nbsp;</span></span></span><span style=\"font-size:12.0pt;line-height:150%;font-family:仿宋;\">5</span><span style=\"font-size:12.0pt;line-height:150%;font-family:仿宋;\">、滑坡灾害综合防治虚拟仿真实验 <span>&nbsp;</span>广州大学项目 <span>2018-2019</span></span>\r\n						</p>\r\n						<p class=\"MsoNormal\" align=\"left\" style=\"margin-left:0cm;text-align:left;text-indent:22.1pt;\">\r\n							<b><span style=\"font-size:11.0pt;line-height:150%;font-family:仿宋;\">二、教学研究论文或著作<span></span></span></b>\r\n						</p>\r\n						<p class=\"MsoNormal\" align=\"left\" style=\"margin-left:0cm;text-align:left;text-indent:-21.0pt;\">\r\n							<span style=\"font-size:12.0pt;line-height:150%;font-family:仿宋;\"><span><span>&nbsp;&nbsp;&nbsp;&nbsp;&nbsp; &nbsp;</span></span></span><span style=\"font-size:12.0pt;line-height:150%;font-family:仿宋;\">1.</span><span style=\"font-size:12.0pt;line-height:150%;font-family:仿宋;\">《地下工程设计与施工》教材，中国建筑工业出版社，<span>2013</span>年；<span></span></span>\r\n						</p>\r\n						<p class=\"MsoNormal\" align=\"left\" style=\"margin-left:0cm;text-align:left;text-indent:-21.0pt;\">\r\n							<span style=\"font-size:12.0pt;line-height:150%;font-family:仿宋;\"><span><span>&nbsp; &nbsp; &nbsp;&nbsp;&nbsp;</span></span></span><span style=\"font-size:12.0pt;line-height:150%;font-family:仿宋;\">2.</span><span style=\"font-size:12.0pt;line-height:150%;font-family:仿宋;\">《基于<span>GIS</span>矢量单元法的城市地质综合评价原理及应用》研究生教材，中国地质大学出版社，<span>2014</span>年。<span></span></span>\r\n						</p>\r\n						<p class=\"MsoNormal\" align=\"left\" style=\"margin-left:0cm;text-align:left;text-indent:22.1pt;\">\r\n							<b><span style=\"font-size:11.0pt;line-height:150%;font-family:仿宋;\">获得的教学表彰<span>/</span>奖励<span></span></span></b>\r\n						</p>\r\n						<p class=\"MsoNormal\" align=\"left\" style=\"margin-left:0cm;text-align:left;text-indent:-21.0pt;\">\r\n							<span style=\"font-size:12.0pt;line-height:150%;font-family:仿宋;\"><span><span>&nbsp;&nbsp;&nbsp;&nbsp;&nbsp; &nbsp;</span></span></span><span style=\"font-size:12.0pt;line-height:150%;font-family:仿宋;\">1.2008-2009</span><span style=\"font-size:12.0pt;line-height:150%;font-family:仿宋;\">学年教学优秀奖二等奖 <span>&nbsp;</span>广州大学<span></span></span>\r\n						</p>\r\n						<p class=\"MsoNormal\" align=\"left\" style=\"margin-left:0cm;text-align:left;text-indent:-21.0pt;\">\r\n							<span style=\"font-size:12.0pt;line-height:150%;font-family:仿宋;\"><span><span>&nbsp;&nbsp;&nbsp;&nbsp;&nbsp; &nbsp;</span></span></span><span style=\"font-size:12.0pt;line-height:150%;font-family:仿宋;\">2.2012-2013</span><span style=\"font-size:12.0pt;line-height:150%;font-family:仿宋;\">学年广州大学本科课堂教学一等奖<span></span></span>\r\n						</p>\r\n						<p class=\"MsoNormal\" align=\"left\" style=\"margin-left:0cm;text-align:left;text-indent:-21.0pt;\">\r\n							<span style=\"font-size:12.0pt;line-height:150%;font-family:仿宋;\"><span><span>&nbsp;&nbsp;&nbsp;&nbsp;&nbsp;</span></span></span><span style=\"font-size:12.0pt;line-height:150%;font-family:仿宋;\">3.</span><span style=\"font-size:12.0pt;line-height:150%;font-family:仿宋;\">获得<span>“</span>最受学生欢迎的老师<span>”</span>称号 <span><span>&nbsp;</span>2013</span>年 <span>&nbsp;</span>广州大学<span></span></span>\r\n						</p>\r\n						<p class=\"MsoNormal\" align=\"left\" style=\"margin-left:0cm;text-align:left;text-indent:-21.0pt;\">\r\n							<span style=\"font-size:12.0pt;line-height:150%;font-family:仿宋;\"><span><span>&nbsp;&nbsp;&nbsp;&nbsp;&nbsp;</span></span></span><span style=\"font-size:12.0pt;line-height:150%;font-family:仿宋;\">4.2016-2017</span><span style=\"font-size:12.0pt;line-height:150%;font-family:仿宋;\">学年本科课堂教学优秀奖二等奖 <span>&nbsp;</span>广州大学<span></span></span>\r\n						</p>\r\n						<p class=\"MsoNormal\" align=\"left\" style=\"margin-left:0cm;text-align:left;text-indent:-21.0pt;\">\r\n							<span style=\"font-size:12.0pt;line-height:150%;font-family:黑体;color:black;\"><span><span>&nbsp;&nbsp;&nbsp;&nbsp;&nbsp;</span></span></span><span style=\"font-size:12.0pt;line-height:150%;font-family:仿宋;\">5.2017</span><span style=\"font-size:12.0pt;line-height:150%;font-family:仿宋;\">年本科毕业设计创新奖三等奖 <span><span>&nbsp;&nbsp;</span></span>广州大学</span><span style=\"font-size:12.0pt;line-height:150%;font-family:黑体;color:black;\"></span>\r\n						</p>\r\n					</td>\r\n				</tr>\r\n				<tr>\r\n					<td width=\"603\" colspan=\"11\" valign=\"top\" style=\"border:solid windowtext 1.0pt;\">\r\n						<p class=\"MsoNormal\" align=\"left\" style=\"text-align:left;\">\r\n							<span style=\"font-size:12.0pt;line-height:120%;font-family:黑体;color:black;\">学术研究情况：</span><span style=\"font-size:11.0pt;line-height:120%;font-family:仿宋_GB2312;color:black;\">近五年来承担的学术研究课题（含课题名称、来源、年限、本人所起作用，不超过</span><span style=\"font-size:11.0pt;line-height:120%;font-family:&quot;color:black;\">5</span><span style=\"font-size:11.0pt;line-height:120%;font-family:仿宋_GB2312;color:black;\">项）；在国内外公开发行刊物上发表的学术论文（含题目、刊物名称、署名次序与时间，不超过</span><span style=\"font-size:11.0pt;line-height:120%;font-family:&quot;color:black;\">5</span><span style=\"font-size:11.0pt;line-height:120%;font-family:仿宋_GB2312;color:black;\">项）；获得的学术研究表彰</span><span style=\"font-size:11.0pt;line-height:120%;font-family:&quot;color:black;\">/</span><span style=\"font-size:11.0pt;line-height:120%;font-family:仿宋_GB2312;color:black;\">奖励（含奖项名称、授予单位、署名次序、时间，不超过</span><span style=\"font-size:11.0pt;line-height:120%;font-family:&quot;color:black;\">5</span><span style=\"font-size:11.0pt;line-height:120%;font-family:仿宋_GB2312;color:black;\">项）</span><span style=\"font-size:11.0pt;line-height:120%;font-family:&quot;color:black;\"></span>\r\n						</p>\r\n						<p align=\"left\" style=\"margin-left:22.5pt;text-align:left;text-indent:-22.5pt;\">\r\n							<b><span style=\"font-family:仿宋;\"><span>一、</span></span></b><b><span style=\"font-family:仿宋;\">近五年来承担的学术研究课题<span></span></span></b>\r\n						</p>\r\n						<p class=\"MsoNormal\" align=\"left\" style=\"margin-left:42.0pt;text-align:left;text-indent:-21.0pt;\">\r\n							<span style=\"font-family:仿宋;\">1. </span><span style=\"font-size:12.0pt;line-height:150%;font-family:仿宋;\">广州地区软土层特征及地面沉降灾害评价研究\r\n  广州市地质调查院项目<span></span></span>\r\n						</p>\r\n						<p class=\"MsoNormal\" align=\"left\" style=\"margin-left:42.75pt;text-align:left;text-indent:-6.0pt;\">\r\n							<span style=\"font-size:12.0pt;line-height:150%;font-family:仿宋;\">2014-2016 <span>&nbsp;</span>29.0</span><span style=\"font-size:12.0pt;line-height:150%;font-family:仿宋;\">万 <span>&nbsp;</span>主持<span></span></span>\r\n						</p>\r\n						<p class=\"MsoNormal\" align=\"left\" style=\"text-align:left;text-indent:24.0pt;\">\r\n							<span style=\"font-size:12.0pt;line-height:150%;font-family:仿宋;\">2. </span><span style=\"font-size:12.0pt;line-height:150%;font-family:仿宋;\">既有人防工程安全性评价方法研究 <span>&nbsp;</span>广东省人防办公室项目（<span>2014-2017</span>）<span></span></span>\r\n						</p>\r\n						<p class=\"MsoNormal\" align=\"left\" style=\"text-align:left;text-indent:42.0pt;\">\r\n							<span style=\"font-size:12.0pt;line-height:150%;font-family:仿宋;\">（<span>10.0</span>万元） 主持<span></span></span>\r\n						</p>\r\n						<p class=\"MsoNormal\" align=\"left\" style=\"text-align:left;text-indent:24.0pt;\">\r\n							<span style=\"font-size:12.0pt;line-height:150%;font-family:仿宋;\">3. </span><span style=\"font-size:12.0pt;line-height:150%;font-family:仿宋;\">深圳市地质灾害安全评估模型与图形处理 <span>&nbsp;</span>深圳市地质局项目 <span>&nbsp;</span><span>2016-2018</span></span>\r\n						</p>\r\n						<p class=\"MsoNormal\" align=\"left\" style=\"text-align:left;text-indent:24.0pt;\">\r\n							<span style=\"font-size:12.0pt;line-height:150%;font-family:仿宋;\"><span>&nbsp;</span><span>&nbsp; </span>30.0</span><span style=\"font-size:12.0pt;line-height:150%;font-family:仿宋;\">万元 <span>&nbsp;</span>主持<span></span></span>\r\n						</p>\r\n						<p class=\"MsoNormal\" align=\"left\" style=\"text-align:left;text-indent:24.0pt;\">\r\n							<span style=\"font-size:12.0pt;line-height:150%;font-family:仿宋;\">4. </span><span style=\"font-size:12.0pt;line-height:150%;font-family:仿宋;\">深圳前海片区复杂地质条件下典型工程问题分析及对策研究 中铁建设投资集团有限公司 <span><span>&nbsp;&nbsp;</span><span>&nbsp;</span>85.0</span>万元<span><span>&nbsp; </span>2016-2019<span>&nbsp;&nbsp; </span></span>主持<span></span></span>\r\n						</p>\r\n						<p align=\"left\" style=\"margin-left:22.5pt;text-align:left;text-indent:-22.5pt;\">\r\n							<b><span style=\"font-family:仿宋;\"><span>二、</span></span></b><b><span style=\"font-family:仿宋;\">学术论文或专利<span></span></span></b>\r\n						</p>\r\n						<p style=\"margin-left:39.0pt;text-indent:-18.0pt;\">\r\n							<span><span><span><span style=\"font-size:12.0pt;line-height:150%;font-family:仿宋;\"><span>1.<span>&nbsp; </span></span></span><span style=\"font-size:12.0pt;line-height:150%;font-family:仿宋;\">郑先昌等 </span></span></span></span><span><span><span><span><span style=\"font-size:12.0pt;line-height:150%;\"><span>&nbsp;</span></span></span></span></span></span><span><span><span><span><span style=\"font-size:12.0pt;line-height:150%;font-family:仿宋;\">一种地铁保护区域内开挖基坑的抗浮起施工方法<span>.</span>发明专利<span>,</span>专利号<span>ZL 2017 1\r\n  0612425.1<span>&nbsp;&nbsp; </span></span>第一发明人<span></span></span></span></span></span></span>\r\n						</p>\r\n						<p style=\"margin-left:39.0pt;text-indent:-18.0pt;\">\r\n							<span><span><span><span><span style=\"font-size:12.0pt;line-height:150%;font-family:仿宋;\"><span>2.<span>&nbsp; </span></span></span><span style=\"font-size:12.0pt;line-height:150%;font-family:仿宋;\">郑先昌等 <span>&nbsp;</span>一种地铁保护区竖井开挖的稳固结构 <span><span>&nbsp;&nbsp;</span></span>实用新型专利，专利号<span>ZL 2017 2 0910410.9<span>&nbsp;&nbsp;&nbsp; </span></span>第一发明人<span></span></span></span></span></span></span>\r\n						</p>\r\n						<p style=\"margin-left:39.0pt;text-indent:-18.0pt;\">\r\n							<span><span><span><span><span style=\"font-size:12.0pt;line-height:150%;font-family:仿宋;\"><span>3.<span>&nbsp; </span></span></span><span style=\"font-size:12.0pt;line-height:150%;font-family:仿宋;\">郑先昌等 <span><span>&nbsp;&nbsp;&nbsp;</span></span>一种适用于流泥的原状取土器 <span><span>&nbsp;&nbsp;&nbsp;&nbsp;&nbsp;</span></span>实用新型专利，专利号<span>ZL\r\n  2017 2 0658484.8<span>&nbsp;&nbsp;&nbsp; </span></span>第一发明人<span></span></span></span></span></span></span>\r\n						</p>\r\n						<p style=\"margin-left:39.0pt;text-indent:-18.0pt;\">\r\n							<span><span><span><span><span style=\"font-size:12.0pt;line-height:150%;font-family:仿宋;\"><span>4.<span>&nbsp; </span></span></span><span style=\"font-size:12.0pt;line-height:150%;font-family:仿宋;\">郭劲睿，<b>郑先昌</b><span>. </span>控制地铁隧道上浮的堆载反压抢险方案分析</span></span></span></span></span><span style=\"font-size:12.0pt;line-height:150%;font-family:仿宋;\"> <span>[J].<span>&nbsp;</span></span><span><span>工程建设<span>,2018.01.</span></span></span></span>\r\n						</p>\r\n						<p style=\"margin-left:39.0pt;text-indent:-18.0pt;\">\r\n							<span><span><span style=\"font-size:12.0pt;line-height:150%;font-family:仿宋;\"><span>5.<span>&nbsp; </span></span></span><span style=\"font-size:12.0pt;line-height:150%;font-family:仿宋;\">卜康正，<b>郑先昌</b>等<span>. </span>基坑开挖引起复合地基下卧双线地铁隧道附加荷载的计算研究<span>[J]. </span>铁路标准设计<span>,2019.08.</span></span></span></span>\r\n						</p>\r\n						<p align=\"left\" style=\"margin-left:22.5pt;text-align:left;text-indent:-22.5pt;\">\r\n							<b><span style=\"font-family:仿宋;\"><span>三、</span></span></b><b><span style=\"font-family:仿宋;\">获得的学术研究表彰<span>/</span>奖励<span></span></span></b>\r\n						</p>\r\n						<p style=\"margin-left:39.0pt;text-indent:-18.0pt;\">\r\n							<span style=\"font-size:12.0pt;line-height:150%;font-family:仿宋;\"><span>1.<span>&nbsp; </span></span></span><span style=\"font-size:12.0pt;line-height:150%;font-family:仿宋;\">2005</span><span style=\"font-size:12.0pt;line-height:150%;font-family:仿宋;\">年入选广东省高校“千百十”培养计划 广东省教育厅 <span>&nbsp;</span>无排序</span><span style=\"font-size:12.0pt;line-height:150%;font-family:仿宋;\"></span>\r\n						</p>\r\n						<p style=\"margin-left:39.0pt;text-indent:-18.0pt;\">\r\n							<span style=\"font-size:12.0pt;line-height:150%;font-family:仿宋;\"><span>2.<span>&nbsp; </span></span></span><span style=\"font-size:12.0pt;line-height:150%;font-family:仿宋;\">2007</span><span style=\"font-size:12.0pt;line-height:150%;font-family:仿宋;\">年 广州市科技进步奖 二等奖 广州市人民政府 <span>&nbsp;</span>排第<span>8</span></span>\r\n						</p>\r\n						<p style=\"margin-left:39.0pt;text-indent:-18.0pt;\">\r\n							<span style=\"font-family:仿宋;\"><span>3.<span>&nbsp; </span></span></span><span style=\"font-size:12.0pt;line-height:150%;font-family:仿宋;\">2009</span><span style=\"font-size:12.0pt;line-height:150%;font-family:仿宋;\">年入选省部企业科技特派员 <span>&nbsp;</span>广东省教育部产学研结合协调领导办公室 无排序 </span><span style=\"font-family:仿宋;\"></span>\r\n						</p>\r\n					</td>\r\n				</tr>\r\n				<tr>\r\n					<td width=\"603\" colspan=\"11\" valign=\"top\" style=\"border:solid windowtext 1.0pt;\">\r\n						<p class=\"MsoNormal\">\r\n							<span style=\"font-size:12.0pt;line-height:120%;font-family:黑体;color:black;\">1-2</span><span style=\"font-size:12.0pt;line-height:120%;font-family:黑体;color:black;\">实验教学项目教学服务团队情况</span><span style=\"font-size:12.0pt;line-height:120%;font-family:黑体;color:black;\"></span>\r\n						</p>\r\n					</td>\r\n				</tr>\r\n				<tr>\r\n					<td width=\"603\" colspan=\"11\" valign=\"top\" style=\"border:solid windowtext 1.0pt;\">\r\n						<p class=\"MsoNormal\">\r\n							<span style=\"font-size:12.0pt;line-height:120%;font-family:黑体;color:black;\">1-2-1 </span><span style=\"font-size:12.0pt;line-height:120%;font-family:黑体;color:black;\">团队主要成员（含负责人，<span>5</span>人以内）<span></span></span>\r\n						</p>\r\n					</td>\r\n				</tr>\r\n				<tr>\r\n					<td width=\"66\" style=\"border:solid windowtext 1.0pt;\">\r\n						<p class=\"MsoNormal\" align=\"center\" style=\"text-align:center;\">\r\n							<span style=\"font-size:12.0pt;line-height:120%;font-family:黑体;color:black;\">序号<span></span></span>\r\n						</p>\r\n					</td>\r\n					<td width=\"66\" colspan=\"2\" style=\"border:solid windowtext 1.0pt;\">\r\n						<p class=\"MsoNormal\" align=\"center\" style=\"text-align:center;\">\r\n							<span style=\"font-size:12.0pt;line-height:120%;font-family:黑体;color:black;\">姓名<span></span></span>\r\n						</p>\r\n					</td>\r\n					<td width=\"85\" style=\"border:solid windowtext 1.0pt;\">\r\n						<p class=\"MsoNormal\" align=\"center\" style=\"text-align:center;\">\r\n							<span style=\"font-size:12.0pt;line-height:120%;font-family:黑体;color:black;\">所在单位<span></span></span>\r\n						</p>\r\n					</td>\r\n					<td width=\"113\" colspan=\"2\" style=\"border:solid windowtext 1.0pt;\">\r\n						<p class=\"MsoNormal\" align=\"center\" style=\"text-align:center;\">\r\n							<span style=\"font-size:12.0pt;line-height:120%;font-family:黑体;color:black;\">专业技术职务<span></span></span>\r\n						</p>\r\n					</td>\r\n					<td width=\"85\" colspan=\"2\" style=\"border:solid windowtext 1.0pt;\">\r\n						<p class=\"MsoNormal\" align=\"center\" style=\"text-align:center;\">\r\n							<span style=\"font-size:12.0pt;line-height:120%;font-family:黑体;color:black;\">行政职务<span></span></span>\r\n						</p>\r\n					</td>\r\n					<td width=\"85\" colspan=\"2\" style=\"border:solid windowtext 1.0pt;\">\r\n						<p class=\"MsoNormal\" align=\"center\" style=\"text-align:center;\">\r\n							<span style=\"font-size:12.0pt;line-height:120%;font-family:黑体;color:black;\">承担任务<span></span></span>\r\n						</p>\r\n					</td>\r\n					<td width=\"102\" style=\"border:solid windowtext 1.0pt;\">\r\n						<p class=\"MsoNormal\" align=\"center\" style=\"text-align:center;\">\r\n							<span style=\"font-size:12.0pt;line-height:120%;font-family:黑体;color:black;\">备注<span></span></span>\r\n						</p>\r\n					</td>\r\n				</tr>\r\n				<tr>\r\n					<td width=\"66\" style=\"border:solid windowtext 1.0pt;\">\r\n						<p class=\"MsoNormal\" align=\"center\" style=\"text-align:center;\">\r\n							<span style=\"font-size:12.0pt;line-height:120%;font-family:黑体;color:black;\">1</span>\r\n						</p>\r\n					</td>\r\n					<td width=\"66\" colspan=\"2\" style=\"border:solid windowtext 1.0pt;\">\r\n						<p align=\"center\" style=\"text-align:center;text-indent:0cm;\">\r\n							<span style=\"font-family:仿宋;\">郑先昌</span><span style=\"font-family:&quot;\"></span>\r\n						</p>\r\n					</td>\r\n					<td width=\"85\" style=\"border:solid windowtext 1.0pt;\">\r\n						<p align=\"center\" style=\"text-align:center;text-indent:0cm;\">\r\n							<span style=\"font-family:仿宋;\">广州大学</span><span style=\"font-family:&quot;\"></span>\r\n						</p>\r\n					</td>\r\n					<td width=\"113\" colspan=\"2\" style=\"border:solid windowtext 1.0pt;\">\r\n						<p align=\"center\" style=\"text-align:center;text-indent:0cm;\">\r\n							<span style=\"font-family:仿宋;\">教授</span><span style=\"font-family:&quot;\"></span>\r\n						</p>\r\n					</td>\r\n					<td width=\"85\" colspan=\"2\" style=\"border:solid windowtext 1.0pt;\">\r\n						<p align=\"center\" style=\"text-align:center;text-indent:0cm;\">\r\n							<span style=\"font-family:&quot;\"></span>\r\n						</p>\r\n					</td>\r\n					<td width=\"85\" colspan=\"2\" style=\"border:solid windowtext 1.0pt;\">\r\n						<p align=\"center\" style=\"text-align:center;text-indent:0cm;\">\r\n							<span style=\"font-family:仿宋;\">总体协调，技术设计</span><span style=\"font-family:&quot;\"></span>\r\n						</p>\r\n					</td>\r\n					<td width=\"102\" style=\"border:solid windowtext 1.0pt;\">\r\n						<p align=\"center\" style=\"text-align:center;text-indent:0cm;\">\r\n							<span style=\"font-family:&quot;\"></span>\r\n						</p>\r\n					</td>\r\n				</tr>\r\n				<tr>\r\n					<td width=\"66\" style=\"border:solid windowtext 1.0pt;\">\r\n						<p class=\"MsoNormal\" align=\"center\" style=\"text-align:center;\">\r\n							<span style=\"font-size:12.0pt;line-height:120%;font-family:黑体;color:black;\">2</span>\r\n						</p>\r\n					</td>\r\n					<td width=\"66\" colspan=\"2\" style=\"border:solid windowtext 1.0pt;\">\r\n						<p align=\"center\" style=\"text-align:center;text-indent:0cm;\">\r\n							<span style=\"font-family:仿宋;\">胡永强</span><span style=\"font-family:&quot;\"></span>\r\n						</p>\r\n					</td>\r\n					<td width=\"85\" style=\"border:solid windowtext 1.0pt;\">\r\n						<p align=\"center\" style=\"text-align:center;text-indent:0cm;\">\r\n							<span style=\"font-family:仿宋;\">广州大学</span><span style=\"font-family:&quot;\"></span>\r\n						</p>\r\n					</td>\r\n					<td width=\"113\" colspan=\"2\" style=\"border:solid windowtext 1.0pt;\">\r\n						<p align=\"center\" style=\"text-align:center;text-indent:0cm;\">\r\n							<span style=\"font-family:仿宋;\">讲师</span><span style=\"font-family:&quot;\"></span>\r\n						</p>\r\n					</td>\r\n					<td width=\"85\" colspan=\"2\" style=\"border:solid windowtext 1.0pt;\">\r\n						<p align=\"center\" style=\"text-align:center;text-indent:0cm;\">\r\n							<span style=\"font-family:&quot;\"></span>\r\n						</p>\r\n					</td>\r\n					<td width=\"85\" colspan=\"2\" style=\"border:solid windowtext 1.0pt;\">\r\n						<p align=\"center\" style=\"text-align:center;text-indent:0cm;\">\r\n							<span style=\"font-family:仿宋;\">总体协调，技术设计</span><span style=\"font-family:&quot;\"></span>\r\n						</p>\r\n					</td>\r\n					<td width=\"102\" style=\"border:solid windowtext 1.0pt;\">\r\n						<p align=\"center\" style=\"text-align:center;text-indent:0cm;\">\r\n							<span style=\"font-family:&quot;\"></span>\r\n						</p>\r\n					</td>\r\n				</tr>\r\n				<tr>\r\n					<td width=\"66\" style=\"border:solid windowtext 1.0pt;\">\r\n						<p class=\"MsoNormal\" align=\"center\" style=\"text-align:center;\">\r\n							<span style=\"font-size:12.0pt;line-height:120%;font-family:黑体;color:black;\">3</span>\r\n						</p>\r\n					</td>\r\n					<td width=\"66\" colspan=\"2\" style=\"border:solid windowtext 1.0pt;\">\r\n						<p align=\"center\" style=\"text-align:center;text-indent:0cm;\">\r\n							<span style=\"font-family:仿宋;\">刘海</span><span style=\"font-family:&quot;\"></span>\r\n						</p>\r\n					</td>\r\n					<td width=\"85\" valign=\"top\" style=\"border:solid windowtext 1.0pt;\">\r\n						<p class=\"MsoNormal\" align=\"center\" style=\"text-align:center;\">\r\n							<span style=\"font-family:仿宋;\">广州大学</span>\r\n						</p>\r\n					</td>\r\n					<td width=\"113\" colspan=\"2\" style=\"border:solid windowtext 1.0pt;\">\r\n						<p align=\"center\" style=\"text-align:center;text-indent:0cm;\">\r\n							<span style=\"font-family:仿宋;\">副教授</span><span style=\"font-family:&quot;\"></span>\r\n						</p>\r\n					</td>\r\n					<td width=\"85\" colspan=\"2\" valign=\"top\" style=\"border:solid windowtext 1.0pt;\">\r\n						<p align=\"center\" style=\"text-align:center;text-indent:0cm;\">\r\n							<span style=\"font-family:&quot;\"></span>\r\n						</p>\r\n					</td>\r\n					<td width=\"85\" colspan=\"2\" valign=\"top\" style=\"border:solid windowtext 1.0pt;\">\r\n						<p align=\"center\" style=\"text-align:center;text-indent:0cm;\">\r\n							<span style=\"font-family:仿宋;\">内容设计</span><span style=\"font-family:&quot;\"></span>\r\n						</p>\r\n					</td>\r\n					<td width=\"102\" style=\"border:solid windowtext 1.0pt;\">\r\n						<p align=\"center\" style=\"text-align:center;text-indent:0cm;\">\r\n							<span style=\"font-family:仿宋;\">在线教学</span><span style=\"font-family:&quot;\"></span>\r\n						</p>\r\n					</td>\r\n				</tr>\r\n				<tr>\r\n					<td width=\"66\" style=\"border:solid windowtext 1.0pt;\">\r\n						<p class=\"MsoNormal\" align=\"center\" style=\"text-align:center;\">\r\n							<span style=\"font-size:12.0pt;line-height:120%;font-family:黑体;color:black;\">4</span>\r\n						</p>\r\n					</td>\r\n					<td width=\"66\" colspan=\"2\" style=\"border:solid windowtext 1.0pt;\">\r\n						<p align=\"center\" style=\"text-align:center;text-indent:0cm;\">\r\n							<span style=\"font-family:仿宋;\">林本海</span><span style=\"font-family:&quot;\"></span>\r\n						</p>\r\n					</td>\r\n					<td width=\"85\" valign=\"top\" style=\"border:solid windowtext 1.0pt;\">\r\n						<p class=\"MsoNormal\" align=\"center\" style=\"text-align:center;\">\r\n							<span style=\"font-family:仿宋;\">广州大学</span>\r\n						</p>\r\n					</td>\r\n					<td width=\"113\" colspan=\"2\" style=\"border:solid windowtext 1.0pt;\">\r\n						<p align=\"center\" style=\"text-align:center;text-indent:0cm;\">\r\n							<span style=\"font-family:仿宋;\">教授</span><span style=\"font-family:&quot;\"></span>\r\n						</p>\r\n					</td>\r\n					<td width=\"85\" colspan=\"2\" style=\"border:solid windowtext 1.0pt;\">\r\n						<p align=\"center\" style=\"text-align:center;text-indent:0cm;\">\r\n							<span style=\"font-family:&quot;\"></span>\r\n						</p>\r\n					</td>\r\n					<td width=\"85\" colspan=\"2\" valign=\"top\" style=\"border:solid windowtext 1.0pt;\">\r\n						<p align=\"center\" style=\"text-align:center;text-indent:0cm;\">\r\n							<span style=\"font-family:仿宋;\">技术指导</span><span style=\"font-family:&quot;\"></span>\r\n						</p>\r\n					</td>\r\n					<td width=\"102\" style=\"border:solid windowtext 1.0pt;\">\r\n						<p align=\"center\" style=\"text-align:center;text-indent:0cm;\">\r\n							<span style=\"font-family:仿宋;\">在线教学</span><span style=\"font-family:&quot;\"></span>\r\n						</p>\r\n					</td>\r\n				</tr>\r\n				<tr>\r\n					<td width=\"66\" style=\"border:solid windowtext 1.0pt;\">\r\n						<p class=\"MsoNormal\" align=\"center\" style=\"text-align:center;\">\r\n							<span style=\"font-size:12.0pt;line-height:120%;font-family:黑体;color:black;\">5</span>\r\n						</p>\r\n					</td>\r\n					<td width=\"66\" colspan=\"2\" style=\"border:solid windowtext 1.0pt;\">\r\n						<p align=\"center\" style=\"text-align:center;text-indent:0cm;\">\r\n							<span style=\"font-family:仿宋;\">庄志勇</span><span style=\"font-family:&quot;\"></span>\r\n						</p>\r\n					</td>\r\n					<td width=\"85\" valign=\"top\" style=\"border:solid windowtext 1.0pt;\">\r\n						<p class=\"MsoNormal\" align=\"center\" style=\"text-align:center;\">\r\n							<span style=\"font-family:仿宋;\">广州德纳智谷科技有限公司</span>\r\n						</p>\r\n					</td>\r\n					<td width=\"113\" colspan=\"2\" valign=\"top\" style=\"border:solid windowtext 1.0pt;\">\r\n						<p align=\"center\" style=\"text-align:center;text-indent:0cm;\">\r\n							<span style=\"font-family:仿宋;\">工程师</span><span style=\"font-family:&quot;\"></span>\r\n						</p>\r\n					</td>\r\n					<td width=\"85\" colspan=\"2\" valign=\"top\" style=\"border:solid windowtext 1.0pt;\">\r\n						<p align=\"center\" style=\"text-align:center;text-indent:0cm;\">\r\n							<span style=\"font-family:&quot;\"></span>\r\n						</p>\r\n					</td>\r\n					<td width=\"85\" colspan=\"2\" valign=\"top\" style=\"border:solid windowtext 1.0pt;\">\r\n						<p align=\"center\" style=\"text-align:center;text-indent:0cm;\">\r\n							<span style=\"font-family:仿宋;\">系统制作</span><span style=\"font-family:&quot;\"></span>\r\n						</p>\r\n					</td>\r\n					<td width=\"102\" valign=\"top\" style=\"border:solid windowtext 1.0pt;\">\r\n						<p align=\"center\" style=\"margin-left:-5.65pt;text-align:center;text-indent:5.25pt;\">\r\n							<span style=\"font-family:仿宋;\">技术支持</span><span style=\"font-family:&quot;\"></span>\r\n						</p>\r\n					</td>\r\n				</tr>\r\n				<tr>\r\n					<td width=\"66\" style=\"border:solid windowtext 1.0pt;\">\r\n						<p class=\"MsoNormal\" align=\"center\" style=\"text-align:center;\">\r\n							<span style=\"font-size:12.0pt;line-height:120%;font-family:黑体;color:black;\"></span>\r\n						</p>\r\n					</td>\r\n					<td width=\"66\" colspan=\"2\" style=\"border:solid windowtext 1.0pt;\">\r\n						<p align=\"center\" style=\"text-align:center;text-indent:0cm;\">\r\n							<span style=\"font-family:&quot;\"></span>\r\n						</p>\r\n					</td>\r\n					<td width=\"85\" valign=\"top\" style=\"border:solid windowtext 1.0pt;\">\r\n						<p class=\"MsoNormal\" align=\"center\" style=\"text-align:center;\">\r\n							<span></span>\r\n						</p>\r\n					</td>\r\n					<td width=\"113\" colspan=\"2\" style=\"border:solid windowtext 1.0pt;\">\r\n						<p align=\"center\" style=\"text-align:center;text-indent:0cm;\">\r\n							<span style=\"font-family:&quot;\"></span>\r\n						</p>\r\n					</td>\r\n					<td width=\"85\" colspan=\"2\" valign=\"top\" style=\"border:solid windowtext 1.0pt;\">\r\n						<p align=\"center\" style=\"text-align:center;text-indent:0cm;\">\r\n							<span style=\"font-family:&quot;\"></span>\r\n						</p>\r\n					</td>\r\n					<td width=\"85\" colspan=\"2\" valign=\"top\" style=\"border:solid windowtext 1.0pt;\">\r\n						<p align=\"center\" style=\"text-align:center;text-indent:0cm;\">\r\n							<span style=\"font-family:&quot;\"></span>\r\n						</p>\r\n					</td>\r\n					<td width=\"102\" style=\"border:solid windowtext 1.0pt;\">\r\n						<p align=\"center\" style=\"text-align:center;text-indent:0cm;\">\r\n							<span style=\"font-family:&quot;\"></span>\r\n						</p>\r\n					</td>\r\n				</tr>\r\n				<tr>\r\n					<td width=\"603\" colspan=\"11\" valign=\"top\" style=\"border:solid windowtext 1.0pt;\">\r\n						<p class=\"MsoNormal\" align=\"left\" style=\"text-align:left;\">\r\n							<span style=\"font-size:12.0pt;line-height:120%;font-family:黑体;color:black;\">1-2-2</span><span style=\"font-size:12.0pt;line-height:120%;font-family:黑体;color:black;\">团队其他成员<span></span></span>\r\n						</p>\r\n					</td>\r\n				</tr>\r\n				<tr>\r\n					<td width=\"66\" style=\"border:solid windowtext 1.0pt;\">\r\n						<p class=\"MsoNormal\" align=\"center\" style=\"text-align:center;\">\r\n							<span style=\"font-size:12.0pt;line-height:120%;font-family:黑体;color:black;\">序号<span></span></span>\r\n						</p>\r\n					</td>\r\n					<td width=\"66\" colspan=\"2\" style=\"border:solid windowtext 1.0pt;\">\r\n						<p class=\"MsoNormal\" align=\"center\" style=\"text-align:center;\">\r\n							<span style=\"font-size:12.0pt;line-height:120%;font-family:黑体;color:black;\">姓名<span></span></span>\r\n						</p>\r\n					</td>\r\n					<td width=\"85\" style=\"border:solid windowtext 1.0pt;\">\r\n						<p class=\"MsoNormal\" align=\"center\" style=\"text-align:center;\">\r\n							<span style=\"font-size:12.0pt;line-height:120%;font-family:黑体;color:black;\">所在单位<span></span></span>\r\n						</p>\r\n					</td>\r\n					<td width=\"113\" colspan=\"2\" style=\"border:solid windowtext 1.0pt;\">\r\n						<p class=\"MsoNormal\" align=\"center\" style=\"text-align:center;\">\r\n							<span style=\"font-size:12.0pt;line-height:120%;font-family:黑体;color:black;\">专业技术职务<span></span></span>\r\n						</p>\r\n					</td>\r\n					<td width=\"85\" colspan=\"2\" style=\"border:solid windowtext 1.0pt;\">\r\n						<p class=\"MsoNormal\" align=\"center\" style=\"text-align:center;\">\r\n							<span style=\"font-size:12.0pt;line-height:120%;font-family:黑体;color:black;\">行政职务<span></span></span>\r\n						</p>\r\n					</td>\r\n					<td width=\"85\" colspan=\"2\" style=\"border:solid windowtext 1.0pt;\">\r\n						<p class=\"MsoNormal\" align=\"center\" style=\"text-align:center;\">\r\n							<span style=\"font-size:12.0pt;line-height:120%;font-family:黑体;color:black;\">承担任务<span></span></span>\r\n						</p>\r\n					</td>\r\n					<td width=\"102\" style=\"border:solid windowtext 1.0pt;\">\r\n						<p class=\"MsoNormal\" align=\"center\" style=\"text-align:center;\">\r\n							<span style=\"font-size:12.0pt;line-height:120%;font-family:黑体;color:black;\">备注<span></span></span>\r\n						</p>\r\n					</td>\r\n				</tr>\r\n				<tr>\r\n					<td width=\"66\" valign=\"top\" style=\"border:solid windowtext 1.0pt;\">\r\n						<p class=\"MsoNormal\" align=\"center\" style=\"text-align:center;\">\r\n							<span style=\"font-size:12.0pt;line-height:120%;font-family:黑体;color:black;\">1</span>\r\n						</p>\r\n					</td>\r\n					<td width=\"66\" colspan=\"2\" style=\"border:solid windowtext 1.0pt;\">\r\n						<p align=\"center\" style=\"text-align:center;text-indent:0cm;\">\r\n							<span style=\"font-family:仿宋;\">李伍平</span><span style=\"font-family:&quot;\"></span>\r\n						</p>\r\n					</td>\r\n					<td width=\"85\" valign=\"top\" style=\"border:solid windowtext 1.0pt;\">\r\n						<p class=\"MsoNormal\" align=\"center\" style=\"text-align:center;\">\r\n							<span style=\"font-family:仿宋;\">广州大学</span>\r\n						</p>\r\n					</td>\r\n					<td width=\"113\" colspan=\"2\" style=\"border:solid windowtext 1.0pt;\">\r\n						<p align=\"center\" style=\"text-align:center;text-indent:0cm;\">\r\n							<span style=\"font-family:仿宋;\">教授</span><span style=\"font-family:&quot;\"></span>\r\n						</p>\r\n					</td>\r\n					<td width=\"85\" colspan=\"2\" valign=\"top\" style=\"border:solid windowtext 1.0pt;\">\r\n						<p align=\"center\" style=\"text-align:center;text-indent:0cm;\">\r\n							<span style=\"font-family:&quot;\"></span>\r\n						</p>\r\n					</td>\r\n					<td width=\"85\" colspan=\"2\" valign=\"top\" style=\"border:solid windowtext 1.0pt;\">\r\n						<p align=\"center\" style=\"text-align:center;text-indent:0cm;\">\r\n							<span style=\"font-family:仿宋;\">地质数据</span><span style=\"font-family:&quot;\"></span>\r\n						</p>\r\n					</td>\r\n					<td width=\"102\" valign=\"top\" style=\"border:solid windowtext 1.0pt;\">\r\n						<p align=\"center\" style=\"text-align:center;text-indent:0cm;\">\r\n							<span style=\"font-family:&quot;\"></span>\r\n						</p>\r\n					</td>\r\n				</tr>\r\n				<tr>\r\n					<td width=\"66\" valign=\"top\" style=\"border:solid windowtext 1.0pt;\">\r\n						<p class=\"MsoNormal\" align=\"center\" style=\"text-align:center;\">\r\n							<span style=\"font-size:12.0pt;line-height:120%;font-family:黑体;color:black;\">2</span>\r\n						</p>\r\n					</td>\r\n					<td width=\"66\" colspan=\"2\" style=\"border:solid windowtext 1.0pt;\">\r\n						<p align=\"center\" style=\"text-align:center;text-indent:0cm;\">\r\n							<span style=\"font-family:仿宋;\">袁杰</span><span style=\"font-family:&quot;\"></span>\r\n						</p>\r\n					</td>\r\n					<td width=\"85\" valign=\"top\" style=\"border:solid windowtext 1.0pt;\">\r\n						<p class=\"MsoNormal\" align=\"center\" style=\"text-align:center;\">\r\n							<span style=\"font-family:仿宋;\">广州大学</span>\r\n						</p>\r\n					</td>\r\n					<td width=\"113\" colspan=\"2\" style=\"border:solid windowtext 1.0pt;\">\r\n						<p align=\"center\" style=\"text-align:center;text-indent:0cm;\">\r\n							<span style=\"font-family:仿宋;\">讲师</span><span style=\"font-family:&quot;\"></span>\r\n						</p>\r\n					</td>\r\n					<td width=\"85\" colspan=\"2\" style=\"border:solid windowtext 1.0pt;\">\r\n						<p align=\"center\" style=\"text-align:center;text-indent:0cm;\">\r\n							<span style=\"font-family:仿宋;\">系副主任</span><span style=\"font-family:&quot;\"></span>\r\n						</p>\r\n					</td>\r\n					<td width=\"85\" colspan=\"2\" style=\"border:solid windowtext 1.0pt;\">\r\n						<p align=\"center\" style=\"text-align:center;text-indent:0cm;\">\r\n							<span style=\"font-family:仿宋;\">滑坡评价</span><span style=\"font-family:&quot;\"></span>\r\n						</p>\r\n					</td>\r\n					<td width=\"102\" valign=\"top\" style=\"border:solid windowtext 1.0pt;\">\r\n						<p align=\"center\" style=\"text-align:center;text-indent:0cm;\">\r\n							<span style=\"font-family:&quot;\"></span>\r\n						</p>\r\n					</td>\r\n				</tr>\r\n				<tr>\r\n					<td width=\"66\" valign=\"top\" style=\"border:solid windowtext 1.0pt;\">\r\n						<p class=\"MsoNormal\" align=\"center\" style=\"text-align:center;\">\r\n							<span style=\"font-size:12.0pt;line-height:120%;font-family:黑体;color:black;\">3</span>\r\n						</p>\r\n					</td>\r\n					<td width=\"66\" colspan=\"2\" style=\"border:solid windowtext 1.0pt;\">\r\n						<p align=\"center\" style=\"text-align:center;text-indent:0cm;\">\r\n							<span style=\"font-family:仿宋;\">许国辉</span><span style=\"font-family:&quot;\"></span>\r\n						</p>\r\n					</td>\r\n					<td width=\"85\" valign=\"top\" style=\"border:solid windowtext 1.0pt;\">\r\n						<p class=\"MsoNormal\" align=\"center\" style=\"text-align:center;\">\r\n							<span style=\"font-family:仿宋;\">广州大学</span>\r\n						</p>\r\n					</td>\r\n					<td width=\"113\" colspan=\"2\" style=\"border:solid windowtext 1.0pt;\">\r\n						<p align=\"center\" style=\"text-align:center;text-indent:0cm;\">\r\n							<span style=\"font-family:仿宋;\">教授</span><span style=\"font-family:&quot;\"></span>\r\n						</p>\r\n					</td>\r\n					<td width=\"85\" colspan=\"2\" valign=\"top\" style=\"border:solid windowtext 1.0pt;\">\r\n						<p align=\"center\" style=\"text-align:center;text-indent:0cm;\">\r\n							<span style=\"font-family:&quot;\"></span>\r\n						</p>\r\n					</td>\r\n					<td width=\"85\" colspan=\"2\" valign=\"top\" style=\"border:solid windowtext 1.0pt;\">\r\n						<p align=\"center\" style=\"text-align:center;text-indent:0cm;\">\r\n							<span style=\"font-family:仿宋;\">技术指导</span><span style=\"font-family:&quot;\"></span>\r\n						</p>\r\n					</td>\r\n					<td width=\"102\" valign=\"top\" style=\"border:solid windowtext 1.0pt;\">\r\n						<p align=\"center\" style=\"text-align:center;text-indent:0cm;\">\r\n							<span style=\"font-family:&quot;\"></span>\r\n						</p>\r\n					</td>\r\n				</tr>\r\n				<tr>\r\n					<td width=\"66\" valign=\"top\" style=\"border:solid windowtext 1.0pt;\">\r\n						<p class=\"MsoNormal\" align=\"center\" style=\"text-align:center;\">\r\n							<span style=\"font-size:12.0pt;line-height:120%;font-family:黑体;color:black;\">4</span>\r\n						</p>\r\n					</td>\r\n					<td width=\"66\" colspan=\"2\" style=\"border:solid windowtext 1.0pt;\">\r\n						<p align=\"center\" style=\"text-align:center;text-indent:0cm;\">\r\n							<span style=\"font-family:仿宋;\">宋金良</span><span style=\"font-family:&quot;\"></span>\r\n						</p>\r\n					</td>\r\n					<td width=\"85\" valign=\"top\" style=\"border:solid windowtext 1.0pt;\">\r\n						<p class=\"MsoNormal\" align=\"center\" style=\"text-align:center;\">\r\n							<span style=\"font-family:仿宋;\">广州大学</span>\r\n						</p>\r\n					</td>\r\n					<td width=\"113\" colspan=\"2\" valign=\"top\" style=\"border:solid windowtext 1.0pt;\">\r\n						<p align=\"center\" style=\"text-align:center;text-indent:0cm;\">\r\n							<span style=\"font-family:仿宋;\">副教授</span><span style=\"font-family:&quot;\"></span>\r\n						</p>\r\n					</td>\r\n					<td width=\"85\" colspan=\"2\" valign=\"top\" style=\"border:solid windowtext 1.0pt;\">\r\n						<p align=\"center\" style=\"text-align:center;text-indent:0cm;\">\r\n							<span style=\"font-family:仿宋;\">系主任</span><span style=\"font-family:&quot;\"></span>\r\n						</p>\r\n					</td>\r\n					<td width=\"85\" colspan=\"2\" valign=\"top\" style=\"border:solid windowtext 1.0pt;\">\r\n						<p align=\"center\" style=\"text-align:center;text-indent:0cm;\">\r\n							<span style=\"font-family:仿宋;\">技术指导</span><span style=\"font-family:&quot;\"></span>\r\n						</p>\r\n					</td>\r\n					<td width=\"102\" valign=\"top\" style=\"border:solid windowtext 1.0pt;\">\r\n						<p align=\"center\" style=\"text-align:center;text-indent:0cm;\">\r\n							<span style=\"font-family:&quot;\"></span>\r\n						</p>\r\n					</td>\r\n				</tr>\r\n				<tr>\r\n					<td width=\"66\" valign=\"top\" style=\"border:solid windowtext 1.0pt;\">\r\n						<p class=\"MsoNormal\" align=\"center\" style=\"text-align:center;\">\r\n							<span style=\"font-size:12.0pt;line-height:120%;font-family:黑体;color:black;\">5</span>\r\n						</p>\r\n					</td>\r\n					<td width=\"66\" colspan=\"2\" style=\"border:solid windowtext 1.0pt;\">\r\n						<p align=\"center\" style=\"text-align:center;text-indent:0cm;\">\r\n							<span style=\"font-family:仿宋;\">刘超</span><span style=\"font-family:&quot;\"></span>\r\n						</p>\r\n					</td>\r\n					<td width=\"85\" valign=\"top\" style=\"border:solid windowtext 1.0pt;\">\r\n						<p class=\"MsoNormal\" align=\"center\" style=\"text-align:center;\">\r\n							<span style=\"font-family:仿宋;\">广州大学</span>\r\n						</p>\r\n					</td>\r\n					<td width=\"113\" colspan=\"2\" valign=\"top\" style=\"border:solid windowtext 1.0pt;\">\r\n						<p align=\"center\" style=\"text-align:center;text-indent:0cm;\">\r\n							<span style=\"font-family:仿宋;\">讲师</span><span style=\"font-family:&quot;\"></span>\r\n						</p>\r\n					</td>\r\n					<td width=\"85\" colspan=\"2\" valign=\"top\" style=\"border:solid windowtext 1.0pt;\">\r\n						<p align=\"center\" style=\"text-align:center;text-indent:0cm;\">\r\n							<span style=\"font-family:&quot;\"></span>\r\n						</p>\r\n					</td>\r\n					<td width=\"85\" colspan=\"2\" valign=\"top\" style=\"border:solid windowtext 1.0pt;\">\r\n						<p align=\"center\" style=\"text-align:center;text-indent:0cm;\">\r\n							<span style=\"font-family:仿宋;\">在线教学</span><span style=\"font-family:&quot;\"></span>\r\n						</p>\r\n					</td>\r\n					<td width=\"102\" valign=\"top\" style=\"border:solid windowtext 1.0pt;\">\r\n						<p align=\"center\" style=\"text-align:center;text-indent:0cm;\">\r\n							<span style=\"font-family:&quot;\"></span>\r\n						</p>\r\n					</td>\r\n				</tr>\r\n				<tr>\r\n					<td width=\"66\" valign=\"top\" style=\"border:solid windowtext 1.0pt;\">\r\n						<p class=\"MsoNormal\" align=\"center\" style=\"text-align:center;\">\r\n							<span style=\"font-size:12.0pt;line-height:120%;font-family:黑体;color:black;\">6</span>\r\n						</p>\r\n					</td>\r\n					<td width=\"66\" colspan=\"2\" style=\"border:solid windowtext 1.0pt;\">\r\n						<p align=\"center\" style=\"text-align:center;text-indent:0cm;\">\r\n							<span style=\"font-family:仿宋;\">付强</span><span style=\"font-family:&quot;\"></span>\r\n						</p>\r\n					</td>\r\n					<td width=\"85\" valign=\"top\" style=\"border:solid windowtext 1.0pt;\">\r\n						<p class=\"MsoNormal\" align=\"center\" style=\"text-align:center;\">\r\n							<span style=\"font-family:仿宋;\">广州大学</span>\r\n						</p>\r\n					</td>\r\n					<td width=\"113\" colspan=\"2\" style=\"border:solid windowtext 1.0pt;\">\r\n						<p align=\"center\" style=\"text-align:center;text-indent:0cm;\">\r\n							<span style=\"font-family:仿宋;\">讲师</span><span style=\"font-family:&quot;\"></span>\r\n						</p>\r\n					</td>\r\n					<td width=\"85\" colspan=\"2\" style=\"border:solid windowtext 1.0pt;\">\r\n						<p align=\"center\" style=\"text-align:center;text-indent:0cm;\">\r\n							<span style=\"font-family:&quot;\"></span>\r\n						</p>\r\n					</td>\r\n					<td width=\"85\" colspan=\"2\" style=\"border:solid windowtext 1.0pt;\">\r\n						<p align=\"center\" style=\"text-align:center;text-indent:0cm;\">\r\n							<span style=\"font-family:仿宋;\">在线教学</span><span style=\"font-family:&quot;\"></span>\r\n						</p>\r\n					</td>\r\n					<td width=\"102\" style=\"border:solid windowtext 1.0pt;\">\r\n						<p align=\"center\" style=\"text-align:center;text-indent:0cm;\">\r\n							<span style=\"font-family:&quot;\"></span>\r\n						</p>\r\n					</td>\r\n				</tr>\r\n				<tr>\r\n					<td width=\"66\" valign=\"top\" style=\"border:solid windowtext 1.0pt;\">\r\n						<p class=\"MsoNormal\" align=\"center\" style=\"text-align:center;\">\r\n							<span style=\"font-size:12.0pt;line-height:120%;font-family:黑体;color:black;\">7</span>\r\n						</p>\r\n					</td>\r\n					<td width=\"66\" colspan=\"2\" style=\"border:solid windowtext 1.0pt;\">\r\n						<p align=\"center\" style=\"text-align:center;text-indent:0cm;\">\r\n							<span style=\"font-family:仿宋;\">吴红伦</span><span style=\"font-family:&quot;\"></span>\r\n						</p>\r\n					</td>\r\n					<td width=\"85\" valign=\"top\" style=\"border:solid windowtext 1.0pt;\">\r\n						<p class=\"MsoNormal\" align=\"center\" style=\"text-align:center;\">\r\n							<span style=\"font-family:仿宋;\">广州德纳智谷科技有限公司</span>\r\n						</p>\r\n					</td>\r\n					<td width=\"113\" colspan=\"2\" style=\"border:solid windowtext 1.0pt;\">\r\n						<p align=\"center\" style=\"text-align:center;text-indent:0cm;\">\r\n							<span style=\"font-family:仿宋;\">美术师</span><span style=\"font-family:&quot;\"></span>\r\n						</p>\r\n					</td>\r\n					<td width=\"85\" colspan=\"2\" style=\"border:solid windowtext 1.0pt;\">\r\n						<p align=\"center\" style=\"text-align:center;text-indent:0cm;\">\r\n							<span style=\"font-family:仿宋;\">美术总监</span><span style=\"font-family:&quot;\"></span>\r\n						</p>\r\n					</td>\r\n					<td width=\"85\" colspan=\"2\" style=\"border:solid windowtext 1.0pt;\">\r\n						<p align=\"center\" style=\"text-align:center;text-indent:0cm;\">\r\n							<span style=\"font-family:仿宋;\">系统制作</span><span style=\"font-family:&quot;\"></span>\r\n						</p>\r\n					</td>\r\n					<td width=\"102\" valign=\"top\" style=\"border:solid windowtext 1.0pt;\">\r\n						<p align=\"center\" style=\"text-align:center;text-indent:0cm;\">\r\n							<span style=\"font-family:&quot;\"></span>\r\n						</p>\r\n					</td>\r\n				</tr>\r\n				<tr>\r\n					<td width=\"66\" valign=\"top\" style=\"border:solid windowtext 1.0pt;\">\r\n						<p class=\"MsoNormal\" align=\"center\" style=\"text-align:center;\">\r\n							<span style=\"font-size:12.0pt;line-height:120%;font-family:黑体;color:black;\">8</span>\r\n						</p>\r\n					</td>\r\n					<td width=\"66\" colspan=\"2\" style=\"border:solid windowtext 1.0pt;\">\r\n						<p align=\"center\" style=\"text-align:center;text-indent:0cm;\">\r\n							<span style=\"font-family:仿宋;\">黎沣毅</span><span style=\"font-family:&quot;\"></span>\r\n						</p>\r\n					</td>\r\n					<td width=\"85\" valign=\"top\" style=\"border:solid windowtext 1.0pt;\">\r\n						<p class=\"MsoNormal\" align=\"center\" style=\"text-align:center;\">\r\n							<span style=\"font-family:仿宋;\">广州德纳智谷科技有限公司</span>\r\n						</p>\r\n					</td>\r\n					<td width=\"113\" colspan=\"2\" style=\"border:solid windowtext 1.0pt;\">\r\n						<p align=\"center\" style=\"text-align:center;text-indent:0cm;\">\r\n							<span style=\"font-family:仿宋;\">工程师</span><span style=\"font-family:&quot;\"></span>\r\n						</p>\r\n					</td>\r\n					<td width=\"85\" colspan=\"2\" style=\"border:solid windowtext 1.0pt;\">\r\n						<p align=\"center\" style=\"text-align:center;text-indent:0cm;\">\r\n							<span style=\"font-family:仿宋;\">程序员</span><span style=\"font-family:&quot;\"></span>\r\n						</p>\r\n					</td>\r\n					<td width=\"85\" colspan=\"2\" style=\"border:solid windowtext 1.0pt;\">\r\n						<p align=\"center\" style=\"text-align:center;text-indent:0cm;\">\r\n							<span style=\"font-family:仿宋;\">系统制作</span><span style=\"font-family:&quot;\"></span>\r\n						</p>\r\n					</td>\r\n					<td width=\"102\" valign=\"top\" style=\"border:solid windowtext 1.0pt;\">\r\n						<p align=\"center\" style=\"text-align:center;text-indent:0cm;\">\r\n							<span style=\"font-family:&quot;\"></span>\r\n						</p>\r\n					</td>\r\n				</tr>\r\n				<tr>\r\n					<td width=\"66\" valign=\"top\" style=\"border:solid windowtext 1.0pt;\">\r\n						<p class=\"MsoNormal\" align=\"center\" style=\"text-align:center;\">\r\n							<span style=\"font-size:12.0pt;line-height:120%;font-family:黑体;color:black;\"></span>\r\n						</p>\r\n					</td>\r\n					<td width=\"66\" colspan=\"2\" style=\"border:solid windowtext 1.0pt;\">\r\n						<p align=\"left\" style=\"text-align:left;text-indent:0cm;\">\r\n							<span style=\"font-family:&quot;\"></span>\r\n						</p>\r\n					</td>\r\n					<td width=\"85\" valign=\"top\" style=\"border:solid windowtext 1.0pt;\">\r\n						<p class=\"MsoNormal\">\r\n							<span></span>\r\n						</p>\r\n					</td>\r\n					<td width=\"113\" colspan=\"2\" style=\"border:solid windowtext 1.0pt;\">\r\n						<p align=\"left\" style=\"text-align:left;text-indent:0cm;\">\r\n							<span style=\"font-family:&quot;\"></span>\r\n						</p>\r\n					</td>\r\n					<td width=\"85\" colspan=\"2\" style=\"border:solid windowtext 1.0pt;\">\r\n						<p align=\"left\" style=\"text-align:left;text-indent:0cm;\">\r\n							<span style=\"font-family:&quot;\"></span>\r\n						</p>\r\n					</td>\r\n					<td width=\"85\" colspan=\"2\" style=\"border:solid windowtext 1.0pt;\">\r\n						<p align=\"left\" style=\"text-align:left;text-indent:0cm;\">\r\n							<span style=\"font-family:&quot;\"></span>\r\n						</p>\r\n					</td>\r\n					<td width=\"102\" valign=\"top\" style=\"border:solid windowtext 1.0pt;\">\r\n						<p align=\"left\" style=\"text-align:left;text-indent:0cm;\">\r\n							<span style=\"font-family:&quot;\"></span>\r\n						</p>\r\n					</td>\r\n				</tr>\r\n				<tr>\r\n					<td width=\"66\" valign=\"top\" style=\"border:solid windowtext 1.0pt;\">\r\n						<p class=\"MsoNormal\" align=\"center\" style=\"text-align:center;\">\r\n							<span style=\"font-size:12.0pt;line-height:120%;font-family:黑体;color:black;\"></span>\r\n						</p>\r\n					</td>\r\n					<td width=\"66\" colspan=\"2\" style=\"border:solid windowtext 1.0pt;\">\r\n						<p align=\"left\" style=\"text-align:left;text-indent:0cm;\">\r\n							<span style=\"font-family:&quot;\"></span>\r\n						</p>\r\n					</td>\r\n					<td width=\"85\" valign=\"top\" style=\"border:solid windowtext 1.0pt;\">\r\n						<p class=\"MsoNormal\">\r\n							<span></span>\r\n						</p>\r\n					</td>\r\n					<td width=\"113\" colspan=\"2\" style=\"border:solid windowtext 1.0pt;\">\r\n						<p align=\"left\" style=\"text-align:left;text-indent:0cm;\">\r\n							<span style=\"font-family:&quot;\"></span>\r\n						</p>\r\n					</td>\r\n					<td width=\"85\" colspan=\"2\" style=\"border:solid windowtext 1.0pt;\">\r\n						<p align=\"left\" style=\"text-align:left;text-indent:0cm;\">\r\n							<span style=\"font-family:&quot;\"></span>\r\n						</p>\r\n					</td>\r\n					<td width=\"85\" colspan=\"2\" style=\"border:solid windowtext 1.0pt;\">\r\n						<p align=\"left\" style=\"text-align:left;text-indent:0cm;\">\r\n							<span style=\"font-family:&quot;\"></span>\r\n						</p>\r\n					</td>\r\n					<td width=\"102\" valign=\"top\" style=\"border:solid windowtext 1.0pt;\">\r\n						<p align=\"left\" style=\"text-align:left;text-indent:0cm;\">\r\n							<span style=\"font-family:&quot;\"></span>\r\n						</p>\r\n					</td>\r\n				</tr>\r\n				<tr>\r\n					<td width=\"66\" valign=\"top\" style=\"border:solid windowtext 1.0pt;\">\r\n						<p class=\"MsoNormal\" align=\"center\" style=\"text-align:center;\">\r\n							<span style=\"font-size:12.0pt;line-height:120%;font-family:黑体;color:black;\"></span>\r\n						</p>\r\n					</td>\r\n					<td width=\"66\" colspan=\"2\" style=\"border:solid windowtext 1.0pt;\">\r\n						<p align=\"left\" style=\"text-align:left;text-indent:0cm;\">\r\n							<span style=\"font-family:&quot;\"></span>\r\n						</p>\r\n					</td>\r\n					<td width=\"85\" valign=\"top\" style=\"border:solid windowtext 1.0pt;\">\r\n						<p class=\"MsoNormal\">\r\n							<span></span>\r\n						</p>\r\n					</td>\r\n					<td width=\"113\" colspan=\"2\" style=\"border:solid windowtext 1.0pt;\">\r\n						<p align=\"left\" style=\"text-align:left;text-indent:0cm;\">\r\n							<span style=\"font-family:&quot;\"></span>\r\n						</p>\r\n					</td>\r\n					<td width=\"85\" colspan=\"2\" style=\"border:solid windowtext 1.0pt;\">\r\n						<p align=\"left\" style=\"text-align:left;text-indent:0cm;\">\r\n							<span style=\"font-family:&quot;\"></span>\r\n						</p>\r\n					</td>\r\n					<td width=\"85\" colspan=\"2\" style=\"border:solid windowtext 1.0pt;\">\r\n						<p align=\"left\" style=\"text-align:left;text-indent:0cm;\">\r\n							<span style=\"font-family:&quot;\"></span>\r\n						</p>\r\n					</td>\r\n					<td width=\"102\" valign=\"top\" style=\"border:solid windowtext 1.0pt;\">\r\n						<p align=\"left\" style=\"text-align:left;text-indent:0cm;\">\r\n							<span style=\"font-family:&quot;\"></span>\r\n						</p>\r\n					</td>\r\n				</tr>\r\n				<tr>\r\n					<td width=\"66\" valign=\"top\" style=\"border:solid windowtext 1.0pt;\">\r\n						<p class=\"MsoNormal\">\r\n							<span style=\"font-size:12.0pt;line-height:120%;font-family:黑体;color:black;\"></span>\r\n						</p>\r\n					</td>\r\n					<td width=\"66\" colspan=\"2\" style=\"border:solid windowtext 1.0pt;\">\r\n						<p align=\"left\" style=\"text-align:left;text-indent:0cm;\">\r\n							<span style=\"font-family:&quot;\"></span>\r\n						</p>\r\n					</td>\r\n					<td width=\"85\" valign=\"top\" style=\"border:solid windowtext 1.0pt;\">\r\n						<p class=\"MsoNormal\">\r\n							<span></span>\r\n						</p>\r\n					</td>\r\n					<td width=\"113\" colspan=\"2\" style=\"border:solid windowtext 1.0pt;\">\r\n						<p align=\"left\" style=\"text-align:left;text-indent:0cm;\">\r\n							<span style=\"font-family:&quot;\"></span>\r\n						</p>\r\n					</td>\r\n					<td width=\"85\" colspan=\"2\" style=\"border:solid windowtext 1.0pt;\">\r\n						<p align=\"left\" style=\"text-align:left;text-indent:0cm;\">\r\n							<span style=\"font-family:&quot;\"></span>\r\n						</p>\r\n					</td>\r\n					<td width=\"85\" colspan=\"2\" style=\"border:solid windowtext 1.0pt;\">\r\n						<p align=\"left\" style=\"text-align:left;text-indent:0cm;\">\r\n							<span style=\"font-family:&quot;\"></span>\r\n						</p>\r\n					</td>\r\n					<td width=\"102\" valign=\"top\" style=\"border:solid windowtext 1.0pt;\">\r\n						<p align=\"left\" style=\"text-align:left;text-indent:0cm;\">\r\n							<span style=\"font-family:&quot;\"></span>\r\n						</p>\r\n					</td>\r\n				</tr>\r\n				<tr>\r\n					<td width=\"603\" colspan=\"11\" valign=\"top\" style=\"border:solid windowtext 1.0pt;\">\r\n						<p class=\"MsoNormal\">\r\n							<span style=\"font-size:12.0pt;line-height:120%;font-family:黑体;color:black;\">项目团队总人数：</span><u><span style=\"font-size:12.0pt;line-height:120%;font-family:黑体;\">13</span></u><span style=\"font-size:12.0pt;line-height:120%;font-family:黑体;\">（人）高校人员数量：<u><span>10</span></u>（人）企业人员数量：<u><span>3 </span></u>（人<span style=\"color:black;\">）<u> </u><span></span></span></span>\r\n						</p>\r\n					</td>\r\n				</tr>\r\n				<tr>\r\n					<td width=\"603\" colspan=\"11\" valign=\"top\" style=\"border:solid windowtext 1.0pt;\">\r\n						<p class=\"MsoNormal\">\r\n							<span style=\"font-size:12.0pt;line-height:120%;font-family:黑体;color:black;\"></span>\r\n						</p>\r\n						<p class=\"MsoNormal\">\r\n							<span style=\"font-size:12.0pt;line-height:120%;font-family:黑体;color:black;\"></span>\r\n						</p>\r\n					</td>\r\n				</tr>\r\n				<tr>\r\n					<td width=\"60\" style=\"border:none;\">\r\n					</td>\r\n					<td width=\"48\" style=\"border:none;\">\r\n					</td>\r\n					<td width=\"12\" style=\"border:none;\">\r\n					</td>\r\n					<td width=\"76\" style=\"border:none;\">\r\n					</td>\r\n					<td width=\"51\" style=\"border:none;\">\r\n					</td>\r\n					<td width=\"53\" style=\"border:none;\">\r\n					</td>\r\n					<td width=\"10\" style=\"border:none;\">\r\n					</td>\r\n					<td width=\"66\" style=\"border:none;\">\r\n					</td>\r\n					<td width=\"16\" style=\"border:none;\">\r\n					</td>\r\n					<td width=\"78\" style=\"border:none;\">\r\n					</td>\r\n					<td width=\"133\" style=\"border:none;\">\r\n					</td>\r\n				</tr>\r\n			</tbody>\r\n		</table>'),(1131,'试验教学项目特色','http://47.106.255.216/landslide/pdf/index/2019年度国家虚拟仿真实验教学项目申报表.pdf','试验教学项目特色','2020-10-08 15:05:38',NULL,NULL,NULL,2,NULL,3,'<ul><li class=\"ql-indent-2 ql-direction-rtl ql-align-center\"><img src=\"data:image/jpeg;base64,/9j/4AAQSkZJRgABAQAAAQABAAD/2wBDAAgGBgcGBQgHBwcJCQgKDBQNDAsLDBkSEw8UHRofHh0aHBwgJC4nICIsIxwcKDcpLDAxNDQ0Hyc5PTgyPC4zNDL/2wBDAQkJCQwLDBgNDRgyIRwhMjIyMjIyMjIyMjIyMjIyMjIyMjIyMjIyMjIyMjIyMjIyMjIyMjIyMjIyMjIyMjIyMjL/wAARCAGhAfQDASIAAhEBAxEB/8QAHwAAAQUBAQEBAQEAAAAAAAAAAAECAwQFBgcICQoL/8QAtRAAAgEDAwIEAwUFBAQAAAF9AQIDAAQRBRIhMUEGE1FhByJxFDKBkaEII0KxwRVS0fAkM2JyggkKFhcYGRolJicoKSo0NTY3ODk6Q0RFRkdISUpTVFVWV1hZWmNkZWZnaGlqc3R1dnd4eXqDhIWGh4iJipKTlJWWl5iZmqKjpKWmp6ipqrKztLW2t7i5usLDxMXGx8jJytLT1NXW19jZ2uHi4+Tl5ufo6erx8vP09fb3+Pn6/8QAHwEAAwEBAQEBAQEBAQAAAAAAAAECAwQFBgcICQoL/8QAtREAAgECBAQDBAcFBAQAAQJ3AAECAxEEBSExBhJBUQdhcRMiMoEIFEKRobHBCSMzUvAVYnLRChYkNOEl8RcYGRomJygpKjU2Nzg5OkNERUZHSElKU1RVVldYWVpjZGVmZ2hpanN0dXZ3eHl6goOEhYaHiImKkpOUlZaXmJmaoqOkpaanqKmqsrO0tba3uLm6wsPExcbHyMnK0tPU1dbX2Nna4uPk5ebn6Onq8vP09fb3+Pn6/9oADAMBAAIRAxEAPwD3+iiigAooooAKKKKACiiigAooooAKKKKACiiigAooooAKKKKACiiigAooooAKKKKACiiigAooooAKKKKACiiigAooooAKKKKACiiigAooooAKKKKACiiigAooooAKKKKACiiigAooooAKKKKACiiigAooooAKKKKACiiigAooooAKKKKACiiigAooooAKKKKACiiigAooooAKKKKACiiigAooooAKKKKACiiigAooooAKKKKACiiigAooooAKKKKACiiigAooooAKKKKACiiigAooooAKKKKACiiigAooooAKKKKACiiigAooooAKKKKACiiigAooooAKKKKACiiigAooooAKKKKACiiigAooooAKKKKACiimswRSScADkntQA6isWbxJZo5SJJJT0yowKH19IhmSHGRwA241n7WHcFrsbVFc6nicMDuiUHqBkjNaNnrFpeEKr7XP8LU1Ui9ExXNGiiirGFFFFABRRRQAUUUUAFFFFABRRRQAUUUUAFFFFABRRRQAUUUUAFFFFABRRRQAUUUUAFFFFABRRRQAUUUUAFFFFABRRRQAUUUUAFFFFABRRRQAUUUUAFFFFABRRRQAUUUUAFFFFABRRRQAUUUUAFFFFABUU0STxNG4yrDBHrUtFDVwOK1fQJ7VvPtmZ4AeV7r/APWrFt7mXzCVUg8g8Zr04gMCCMg+teceKYG0zVCwOyKX5kAHBPpXn4mlyLniLkTuyZ8BVDrgnkEciojmP5gxAJwD3rPg1EzWrAkgpyasW8/mIw6jGc1iqiexjdNnRaX4haHEVyxdM43dxXVRusqB0YMrDII7ivMpl2kOmMHHPauq8L6gXT7G/GBuQ+1ddCtd8rNYnTUUDpRXWUFFFFABRRRQAUUhIHU1ial4msdOBBbzZB/CtJtLc0p0p1ZcsFdm5mmllAJJAA689K8y1DxTqFxcCW1jliU5OFkODWQ+p6hJNNc3NwY/MwxBOSce1Yuuuh6kMmqtXlJL8Weq3Gtaba/669iXHbdmsyXxro0ZIEzvj+6vBryy+1E3GMu5OcHJwcUy0iUkSyMHjj+ZoxwTUus+h3U8jpKN6kmekyeP7EAmOEtg4GXxmiHxqZwWS1VgOoD8iuUuBaQ2q+VZ25VxlC2Nxz9f/rVjGKWB2mhR4WBzlOQKJVGt2VDLMLJWtZ+bPTbPxpZ3YYiCcbThioyBWlD4i0yfpcbD/tjFeUwatewKZJLdJYnI3soxn6iprOQCOdhcOgkOVDDiP6U41WRVyikrvVfO567He2soBjuIm+jirOa8Zvp7meMBI4zIuCssPBB9eK0NE1jW7cpHcyOVx97fnFUq13axxzyeShzRmvQ9WorlLbxFchgJUSVCRyPlIrWtNesLtjGsypIOqMcGtFNM82eGqw3Rq0UgIIyDkGlqjAKKKKACiiigAooooAKKKKACiiigAooooAKKKKACiiigAooooAKKKKACiiigAooooAKKKKACiiigAooooAKKKKACiiigAooooAK5zxjp323RJJUUGW3/AHi8ZyO4ro6ZJGssbRtyrAgj2qKkFOLi+oHiMd2I2U4UqTz34q2l2UlBB4bAyB0qjrdodM1a6tT8u0nHuKLJ0EQZ2BVj0PrXz3vRk4voYcrUrG7BcpIpjJLKOAauaXem3vI3bIMbZz7VixbFmWRWKRnlgTV6Wf5I5ozlScvgda19q4vmN0tD1VWDoGU5BGRTqwPDGo/a7ExEkmLG0nuK369ynNTipIAoooJxVgFVby9gsYGmncKo/Wo9Qv0sos4DSHometeZ+I9Vub2WRWdmyMccKB6CsqlVQ06ndgsDLEzV9Eb+peIbm9UiNlggJIzuwcVyzXELMYIt1zMxJyBS6RqNhcyG0mhzcDgKRkGi/FrY3P2wSLBIoGEjPJrDmcle59JRpQoS9kotfr+pn3d5KnyAdMjanas55rlsExMFJxkrjNaBvU1C6UwRbGPygjjcaL0S2OFumIOMhegqOV9Nj0ISUWoqOpWieGBfMuUEpAO2Mckt71DFLK99IShikYg7cgACmPqaKAqoMe1DlLpgSCHOCrDg01buaOD3ktzpLa0N7CJZronqSoXO0UgtLARs8c9zMo5JTaMAe1YOm3sunXsYnkkRA4KyAkE+x9aZrkdxeaqskZUhlbMigqpHbJFNyjvY5Vh26nK5WW9zethod20cPmzoZDhRLwpP1HFN1LTDFBus33oMjcDlRXOWtjfW8QVZUYjjaGwcVoWU86wygzbAQVI6ZpqUWh1KHJLmhO6Q/R5TAzzXsLtbRN8237wJ6Vuvc6XO0rwRYVEVnJJXk9gK52weeMOtwm6M9CRTY9MsGuZHN9OTkMFB2kH9c0KTXQVSnCU3KTt6ao6drWaGEz2skqbOqSfNg8d6z4tSha633MTL0DjOVPvVWOW6t7gSWzmcO2HOeaWIypcNJMkaKzZwDgCi6ZhGFr3d/wAGdTba1daZbNdWtwZbRTgxSPuwPb0rsdJ16z1W3WSORVY8FSe9eSX95HJ5l3bPschVdF+6OxLCtLRbhPJaS0aGZgfnjifBz6rng/hVwqO9kcOKy6FSnz2s/wCt/wDM9gzRXD6Z4muEVgVM6KcNGTh1/OuqsdUtdRQm3kBZeGU8Mv4VupJngVsNUpbrQvUUUVRzhRRRQAUUUUAFFFFABRRRQAUUUUAFFFFABRRRQAUUUUAFFFFABRRRQAUUUUAFFFFABRRRQAUUUUAFFFFABRRTJJEiUtI6oo7k4xQA+isG+8VWFmp2MZm7BeB+dc9c+NrxyRCscY9hurOVWEd2Q5xW5V+JOmqJYL5RjepV29x0/wAK4KGcpmPgg9u1dZq2oXGsWUkFxcmQgbkX0NcYRsIyxyf514WNkva3j1BNPVGqJZPK28kA8ir1pfr5gtyvyNjg9M1iJK7Njdx6+tW4FJnDDtjFcU6tjeKud14TuTBqghJxvJXHY16BXllhM1vfwTgAYYGvUVYMoYdCK9vLKnNTcewqisx1VL28WzhLHlj91fWpZ5lgiLt26e9cZrusJBl5pAGboByQPpXbWq8istzXD0HWmkkZ+v6g0rB97mUEnCnr14rkHtr26n811ZYRycnaoq+r3mp3S+SjRW7HmUtyR/T+tQ6xczCRYwmLeM7VBOAffFcajzas+uwsfYpU42v+QLPBZrm0jTeRhpSvzD6VQnu0uGZJhknkE9as31rv0tbi2bc+3lT8pJ9BWXHpUrISZYy5XO0k4H405y5dEdlONFR55PX8SQKysrwnYykEDGBWjdX1vfac9ndhi5GRIH6H1rP0uxa0LNcuJpM/LFuyo+pqdLC3EpeZdxJJJHAqo80kKo4c909tmjN+wWsdqgZmck/fV+Sa0tK0a+aVpoIJJYz9zzRtH410GkXOlW0oFzZRuBnDjnFbesaha3ECRxXMcMZUEOG/pVqjFatnLXx9Vy5Enr1f/AOfbw8LiTztRuYzIozsjG7FSw6JptypS2uGdoxlkLYIrm/EN/e6beCGxvrjy0JClm4yPas+01O6gJeXcJmJ+Zl2kinzwTtY2jhK86amp+i/4B3v9kWiNgR5xwfMbAzWVeXcOkzES21qih9pKjLLVa11dbnTZ7a5djlTsfrj2/z0rCv4luXjkGfIB+cqNxzgUpTS1RFDDSc2qz0O0tr6x1C5Fv8AKMjCSAYQ/wCFZ1zb3Gia20kaRSLIpKGQfKjViQ2jJbCSym3hQSY+jY/rV6LVy+mskiiSMkFWc5Kt7U1UjJeY/q/K26bvHZokm8bQrcTiW3id0wqGFMKfUmte0S11u2kE0akDB3ooVj7j/Oaw7LToZgZo9PBMoySVyD+HanyQC2uLc2LspLBmQNjaR6+1JVJRfvK4q1Oh8NJOLX9fIgl09dPlkkgucTIxDwuuCB9f88Vf062RlaaFzbZ+ZhHJtDH/AHelMlupZ7t5ZhFulBUKOSODzisa7vbyzvY0u7cGIpjcn8Q65GKmTtJNbFQjVqrlT1/r7zpRPJGy3scu25jO1VLFjIPQ+tby6lAvkXbRyW8+BmROlYNp9kvLSF9NkkDysB87ZUN7+manvXult2tpIzG6qQ6HoR6irqOSjdHBVipSUZK34aHo+j6xHqEABkRnHGVPWtivCtC1W6GoFYyIp1faURDgehP1r1vRtZW+TyZ/3d0o5U/xe4rWnU5krnkZllssNK8dUbVFFFbHkhRRRQAUUUUAFFFFABRRRQAUUUUAFFFFABRRRQAUUUUAFFFFABRRRQAUUUUAFFFFABRRRQAUGiquo3Qs7CWfuq8D37UN2Az9X8Q22lhox+8nAzsHb615xqnia6v5iZ2YKDwoOFH4U3X5bi2u085SWlAl3nkNnNZBnCLlI13EZLNya8TE46Sm4bWMKstLXsTG4uLhgY4nb1O3JFQTm6ZtpDIRzyu0Ukl5cOgUuwGOgOBiq+G3ZGSe/euGWL6I53YtwQsrLJ9piQg5+/nn8M1FqcEcc6lCDG4DKw5GTUJRwQc5GM4FaVtGLzTpbaRCZIgXjbvjuKzdX2mhpRlZ8pjx/MGAOMHIzxWhAG3qR2HbkVUZGJw2QQRzWhbRMxAHPy4zXNKV9jvp32NaJjtQ55GPpmvQtL1cPFFHPxlQA/bpXAW0DNHlzsAPU8VebUreC3KC4KkDHHJr1MudSD5ujO2OEnWtyo6bxBrcFtGT5qAKOMnqa8t1HU0vLkEPuMhIBJyM1b1CSC4mLHeyEfxHrVeB4YGBtoUic/xDlv1rvmpVJXZ9HgsFHDRvq2aNg4s4vPuCFCqVSHdhifWs65vJr+RxIiCMEFSOuaJ90jZLAEcbieTW8Lexm02KKyVBIV2vI5AOe5Ga2itDRuNN87V2/wADnvt6RwNC2xgTnB5xTPte8gBuB0A4FZM1re3N5KsEcZCsQCXwD9Khge7iuVgmgZJN2CrdcCs3NJ2PQeHhbRq++50lsYXuUFzMIoT958ZxRrtlKESaxkRxLLtUeZkAdqrJEJflIyDxj1oitnhhaOGchCeA2SBVyva0TjXuzUk9unQrz6ZqlnCZ5ArxJyzRvnH1HWgq1yISjMZAQUI61qxx3L+YDc7AflwBxiltLyxs5wltE944BDSBsKv5DP8AKopRq2/eDjXqOPvJNrt+pLP4Q1G5kjupiBcA5Ugck0yTRtXY+XNbLOvdWGRimzeKL9JFVmhhVuNqAMRU8t7d3Gn3Vzb3cksUaguDwcn2rZ04SMG8Src9rdPIoWXhq8hlcSTQxQsTgF9zKPYDk1trpVjplmGmdnIwTJIu0nPtXP6y9xZWsZmvytwqBvKgTCpnsTXKzTy7Q0lzIWYEqu4nj1NTzRhokdccPVxS5nPTyTPQJdPstjTxSFAOchQMVHYadZGdXdJp0XLbSAFGaz9P1uMWkVpPbx+Vt2yMMlgPWrjRj/hH7kEvKRIqxmNto2kk7s/TH0qly25rHK4zheLfkb3mG3U3CSwQwKMDDbvT0oN5puoLi4eCYNgEocEfnXkYvJVlLFi6gn5GJIq/o141tO0m1GB4xINwpKspOx01MocYuXNqes3fhnw/Bpr6kGdNgyrpJgj6VxNrryrMbYQyMjEkZGSPp/nFbWl3U2p6PPp7qUDcxSDlQ/8ATNcRrxnW+j83MTxxhVYDbyOoOKdWfLZpaHNgcO5zlSrO76eR0jXK20nFu6QynLGNcAHs3tzV1dTnurFRJCUuEOQx5H0PfBrkdD8Qy2U3kyRfaY5SAVkbofaux2JHcLdwPIVXiaOQchT/ADHv0pwfMtB4ug6MuWa9GUmt7a4vxd20jRXAGJIicBvxFat3qiQrB5NxIs8DZKsMEA9ea5zxHF5ape6e58sjB8s5APuKu6c5u9PSaTDggDJ4Kn0rJSaTQpQUqcakndbea8j0nw74qh1ELb3DhZ+gJ4DV1Arw1Q0DkqxBXnrgivQPCXidrxEs71sydI5T/F7fWtaFfmSUjwsflvInVo7dUdnRSA8UtdR4oUUUUAFFFFABRRRQAUUUUAFFFFABRRRQAUUUUAFFFFABRRRQAUUUUAFFFFABRRUU88VtE0szhEXkkmgCXNY3iNm/s9YlUlpHAGBmsq/8WuGKWUIx/fccn8KwrzUbu9O6aWQnsN2FH4VlOaaaRLkkN8V2DvoemKrxvdxFgy7xkKa5yLSHZctNEXyBt3cH2zWo8g25YqPX0NULu5hhySfvZGMV59fD06r55GM5Rk7mpD4VNzISL6yClQADKMjpWlb/AA8eXDyX8ZU55QZBrhJb0rkxt8g546gVb07xbeWtwHiuHQZA2g5GKwVLCp3lH8RpRe6PQ4Ph5p6AedPK/sAAKtnwjpVhbyzRI4dUPzFs0eGvFUOsf6PNhLoDI9HFTazq8kU8lgkAIaPmQnpmu1UsKoc8Yo3hTTfuo8xltWluiIk34Y8jtV2KCK3XM7gkfwCrN5LFa7oh8m4Ft2M5+tUHZpoQd2M4JJ5zXmUcDGL5pas+iwWWxtz1Cb7TJeXMcXKRscccZpmq2H2JQI+DjqOaohpkwVGShyAeKlm1aaa28mRExjBYnNejFRS21PdVOUJLk27GFM8rnEZV2BIKh+c0RQT/AGsSSKUIUqUJGavKihS+8E5xgcGnqignGST+NTCEm7yNniJWaaQ8YaPDHPXINUhbXEM3mQyKVPBR+QRXQQafE1mJnZlUKWZguc+1czqWoG0mMJYKwGcbsj863klHcwoSlUk4wJDaHzTj5MknaDxVxLdRuk2ASEAM+csR7n/IrJg1E3D8tkDrg81vaXGl5OkJcIrsAWPaphCLd0grqUNZFZ3EIJGCR1BPJFUjqQjcAYweeuSKj8S20lvaQyszKSxGdpBY/wAgB6d+tYIg1B084QSMoHJC54pTnyux04fDwqQ52zs4dUUWsrRKpcoRgjIAqPXbV7fStsMkiRqNp8kffYAEs7enPFYGnXOcEYJBwwNdwtg1z4dHyLPG0iuqBsYKjGG/4D+dWnzx0OWslhqifmeXxS+U25Txkj3NdHpGqPC5KHKuhRlPIYHsaffTaZDq08UemqIMgbJAMg4GenSs544YLtJLNiYJGAMbNllJ/mK54VOV2PQnVhiI2cbX7nVa1A9z4ZguEhbeibGVl4xn73ua4620trveWukSUHGGyc/jXomj3rnRngmG9kKrCDznPVax7nS9KurqQ2zC2nVstGR8pPcf56V0VaTlaUTzsPip0ean577nNxLcWV1HbXCCNuqsWyGrutIMVxp8ljsMSiMlyDgkZrGbw41w2zz0kG4BWZuV/LP+NdB9j+w6VKsbSNyrSyOpRdg7ZPqf5U6MZJe8RjMRCrFW+L+tTjrrw/LpOok/Y1uoHOUIXeuKqXFlEx3WsUttIDyjAlT/AIV3WgXEz2DTTzIiNIVRSevWsq/1v7JdSJcSZG7J2YYgVMqMV7y0LpYus6nLu1+Py2H+FDdw+ZHNEwiKYd84UHt9a3NU8IW1xEZDcxGWQBnhkOAT256g1jW2sR6pJbrY3DP5ZLSITjArdjmtLyB49Tt45sAkA9QPUVrFRcbHDiZVo1faL3X1SOK1bwnLpX7+KF1IODFneD9GrR0G5SAxyTPIgAO2J1yH/vD2/lWde6xd6ekUIuXe2Ziz28ZIIX3JzU+m39jq6GCcT2khJ8t45R09wePy/Ks4NJ+6ehUVapQvV1Xdb29P69SVSi3MgglWNRIxRC3BHpU0eBG0cTgRPz5eOFbPan6h4ebTmjmjuPtNs/ylwMeW3v8AX171z9zf3enzwxzlfLOcBVG4VnJ8s7GVKKrL927/APAOglVZ48PwQME9yazbe31OG/SeGKdLVyQCPmG4e1aVpOl4qgsu/A2tnIYVLDeyR+bbPtdQQdo4IrHWL22FGrOnFxSv6/oej+HdbluoktNRTyr0LuGT/rB6iujHSvHJ9RnaWKSHeGgOdyrgJmvR/D2uLq1piQBbmMfOvr7j2r0adRPQ+bx+CdL97FaPfyNyiiitTywooooAKKKKACiiigAooooAKKKKACiiigAooooAKKKKACiiigAoooNAFe7u4rK2eedtqKM1wOsay+pOGLFIskKo7e9dDqdrPreom2jfZawjDOD/ABVJL4TsZbZYg8gZRw/ByfpXPU556R2Jmm1ZHDGXAyzKSOQc81TuLuVATsJAOcjrV/xBoN9oytOyLLbg5Mi9B9a5K5vXfLBuO4B5FcU6jjo9Dnaa0ZZlvzLt8z5CSTgjGRWVPcs8pUtgHoxp7XaybQGUjgYPNU2nRCQUXPIB+tYudzSMUP8AP8viNvmJw5HIxUQ5clWw4OAB0NVfNAUgnoe1WbKLzrhMtkZA9cGsqlkjWMdbG94euLtr+J7bcZUYNkcAEetd9qV26Lc3kih3wWKKcj6VjWFnHptkDEoEh5yepNNurp2hYyOMHPy+tb4em4x1PaweBbdzMluZrss1yioegYcZH0pDcjaqqeB2rD1XUZ4ZscHP8qntbkFA5bKNjIHUVrBpO3U+reFdOmmX8PK+0ZLMcBR1NY+pyy2rAEEcnB9a2LO9hhuEeRQwVjnJxUOtzC7VDbW6llJOOrH3zWsleN0KlVcKlpR0ObTU280CTcAT1Pat+zbcvPJPINUnCX1s0VzCVcDKyFcFatWgEESKWDFVx9ainJ3NK1SFSF1GzOw069RdIjikwyxSEspGd3p/WuJ15/7X8RSzSwbIi2FjU4IXjj3rZiu1hDBQNjAhs96y57BWxIJ0PONrjJFbVE5LQ4sNH2VSU1o3+pk6hYR6bdRz2Ts8TEAo33lPoa37ElGVyuMkHBqvFZgYBkDj06/41eJit1Us+GJwAOuamlFx1ZrVqucVGWrXUueLdIl1Oyt5oMkRBiVxyucVyFumpW8mFbBXgODya6S48V3Sod8hdEAO7byPxrFm8SrO+Sct6tRVUW73FhaeIVPkcbontrZ2YTTrGHAwSExW9Z63LZ2sllZxCRCdzO69TjgAVyv9qNLkAgg1pabqZthcMqrJP5RMQPc0Qko6RFXoylH31fyNy7FrdRJPfaSpkZeqPtY/nWYkfh23YSC0udwOFJdVArkNQn1KUrPeXEh8zmPLcMOnHpUE4nAV5F4DZyDmlKor7HRSy+0dZ/dc9CRS1xPeKVgitYi0Sx8gehPrXMBLu+EsqKzRRgeYw6gc80unapNaW8qqN0UyGN1bpg5ou2lPhiNLeQCNQzy44LncFx+WKpyujOnTlTm13aRmjWb62YGC8cA/3W5re0zxLd39q9hqbh4ZFIE+Msp7celclbQz3G5IYPNOOcDJqzZSlGMLgrID0PFZQqO+p318PSnFqyuvvOpvXddKhtrkkrbtKp8s4LEAY5/EfhXGJLJhgGYkg5GM5rv9KMF9byQ3I5KAbyOF6ANj8gfbFc/cWd7oOpSeREdo4DqM5FaVk9JI48LXVNypta/gUtOmjEkjlVWTsBxxXZ6ZqLfZFQANLbgujMesX8S/hXJzmTVLhXFsI7kEEuF27vr710QtJrC13ucAxspA4JLcD+p+gp0ZMnFuFRK+76DPE2hF7iLULdX+zPncEGCvTIrIfTLFyJbSeVQCGaKQ5z9K6fUvE6addzW8kbPbuqgwvwBx1Hoazon0C9mLrcyW0qn5lmTcp/KpqU/evBmVGtiI01zXstra6eZt6JKk9jKiOSGjKtGPu456Vyt/bDUIvKT5J4idnmcbhXZabbadpzCaO7guWKkKobC9v51zUjteXMskqBZGcsAOMdeKurHmSvuYUJ2qynAq6JePFA2nXSFJA3yllwVNbkF1DuZLqACUDG7uR9ayWnFtNCP9aSu4MRlkA9xyKvNPDOfOY5LYPOMD8qyb0u9y63vS5rWuXBJC07Rh3CDqXGMf/Wq/p95Pol7BKXxEH6n+JTWTBPKjeWo8xCQQpq/HPHOrQtH5kRGHgb7wPtQpaKRz1I3XLLVHrVtcJdW8c8Rykg3Kfap65jwheRyae1qJQ/lH5ex2n1FdPXfCXNFM+Tr0/Z1HDsFFFFUZBRRRQAUUUUAFFFFABRRRQAUUUUAFFFFABRRRQAUUUUAFIaU1zOp+LILOYxRbXKkhmJ6GonUjBXkB0EMKQxlUAAJJOKmrn4vF+jtEDJdhGxyGUjmrkHiLSLjHl38PP95sfzpKrDo0G5fngjuIXhmUPG4wynuK8W8aeF30G8324ZrSXJQnse4r2hLmCQZSaNh/ssDVbU9OttXsJLS4AZGHBHJB9airTjUiM+bHIU4U7X7gdKV9zdTk7c465rc8VeG7nQ9QMUkbmJsmOUcqw/xrDWJmG7q2AAuea8ea5XZ7kJWICA7fvAOMAEdRXQ+HbMCbzj88ScgkdTWba2U086BThj1OOgrpS8VnYiCLgjnPbPrUQXPLXZHpZdhnWndliTUTJdLHuBAOcZ71ZSNLpmiMiISM5ZsVxtzPLaXoL4O75gVOQa3ba9MhW4AyPQ8DNehSktmfXzw/s4JwKTxWMs0y3cZLqSAySZxUNvAsMZjDZXcSpPBFaFwYJ7gyCGNJCckjqTTZohu3jBXIHvUwpNScmxxqz2k3Z9CkYnALbskdRURLJyDjPUCrZJXdjg9s96rSSKgzgknvwBWvLYtTbIWlZjzyB2qWOYg4FRITISdmB347VZSPC5AwPWheY5SS0Yl2s4tWkjRnKlQQOTz0/kayY5L+6dlht5ZGU8hVJxXeaXdWfkRowKzx5xJnAPXAP5msRItQsbmUxRMVkcv+7XI/TNRX54x5oakU8W4RkuTVbXMKC8mWbZJuSQdVIwRWzBi9lt42ODvClhii6E2pyxNcxBHjOS5HzEelNMZgUOgwQQcDrRSlKUbzVinVjViny8sg8Q2b3ZkSBVEFtIIo1VMNI3fn865LfEM7kYtnAXPAr0qO+h3SJOiPa3ILDA5ViuGrjNQ0W5065863InjUnZKBww/oaurC/vIvB4nki6cvl+pipMY3yoIHTFaSTSGMOj4OOxxTLmX7QmJ7bEp6Oi4NO0/Tbl8l0ZVHY9TWMbp2OqVWE43lo0Wb9Bc6RbyYzNEqpkdgCcj8cg1nW9lNeIxR/wB4D9w9TXR6UTbi5hCRuSuXSTlWX/EU2XRDKJLnTHBKN+9gDZKnjoe4q5wbV46nJ9alSTivk/Uw9OldC8LAgqeh7VuWgsrwNYyOLcHJ3NyAcc/riswW0/2uSaZCjNjORgVZtrlrLe6EhpBgnbkgUQlypcw6svaLmW/6kV1pV3pMxmh+eA9JE5VvcGoJxcXtxBMYWEhwN5GNwpbHxDeWUsnluTGx5Xb8pH0rVvvEtnJaxLaRxxvgFx5WG3fX0pqMXqmDVeE17t/P/M09KgkN9biJwhi3SPIegXvn681Un1k2cjWkNzvBYkg4ZawH8Q3S2ksEDeWJuHbOWIrPUqH3SORuGcAZJq3U6RCng25OVQ7mLxTa2lv5kcKCYghSqhajttRnv761ubxlEDSLsVT8ue5rjZy7/OtuYolOduSQD+NSWGpy2lxAzMWhjkDbSM0e2lfXYbwEeVuG5b1fUZtQ1aeQgMWchD04Bqq1o+4SRlWYcsiNk/hWjrlsjWouYCSFJK4HDKxY5/lWfa6bNNEs1vcQmQrnYG2sPas535tToo1YRpqzt0NLTNat4JBBeROYTwHXh4z/AF+lbcrtHegh1IkI+YdCf735VxogdZ3t51ZJTn73BrrfD9oskMcN3KmxCSpJ7Z6H8/1q6bclY5sZTpwXtF/Xmjnb6fy7h9hdLiNyQ4OCa0NIvTdsRNjzFwxYcA/Wrl5o9jdXFxHvKybiEkLcDHr9ar+HPLs7h451AlLGI4Gc1ENJWY51ac6D5Vqrf16GjqaTRmJdPSZ5HGQE5x1qvpN/eyXbRyqwu0PcYJ+orWcfY77y1LlVwQSMHFI5SfVo7oMdwAG9FwSe2aHo9jijWXs+Rxvdb9S3p9/eadqsd/ZZdGOJIwMlD3/A16rpOqwataLNFlWHDxtwUPoa8g+0yW+rGaNcIWIyOMitnStZmsdea7DDypSA6ZrSlVULpnmY7B+3ipJapff5M9YoqOKVZo1kQ5VhkGpK7j5gKKKKACiiigAooooAKKKKACiiigAooooAKKKKACiiigAPSvF9dLw3s5DsrFzn0PJr2g15N4zgNrq9wCuY5Du6dM1y4uN4EVNjkp5ZFIJA56HvVcTMzZ3kMMkjsameB2RjG28J83ocVUZkALsOQfu9M15jgc9mWRqc0IBjZ1z6NTxrl8igJezg9eHIFZzFCoITg9DnpTCw3nKkAdzyaxldOyNIyZ2uieKmlIsdaX7dZt2l5Zfoa7CP4feH7xVubdphFIAw2vxivIYpSHToRng11GleI72zjEaXDhQeFByM1UcXGn7tVcyN07mh4l0yy0W+W1sVYKFG8sckmuYvXKRsAMjGMg9aua1qUt5NJJIxMuQSTycVmvOJLWWM7RvH38ZxXRDkkuaKsmfX5bR9nRizNvYpFiycHJGwirVg7LYBS4BLE7SeaihRwfMlOcfdA6Cq76gYp/LSMuW/hHUiqgras9qHPUhymqZWVTleTjBxTo7plBGcqeo7isxr1yNkiskh5IPGaWCcM+MkZ9a3jIxdNpal7UI75YEkijITBO88AYxVGCSS4Aaa+CM3IURbq3kvTPo81hIBIrAFQWxtrEGlGJwQ7Ko6jOTRNS3iTGq+Rx0Tv2ER7mO9WHesyMuQwGCB9Kt7pFBGcHGOnaiIJbrhRz6nkmiWUMTj8SaUb21G25boDe+SvUADoRxUaayyk4lAPr6isS5Ms8svynanPTOKiLQKqqsZkbGSxOOaTm0dsMLBx1OgOsyMPvAD1HrSwu1wvmOC6kY4OADXOJKFceXkZIGwnNbUDMi5XIIHOO4qeZy6mVaiqa90f/b9xo90Ps6hwuQySDIFaI8fTTR5n023IB4KsQa5u7DT3UjhDhMfLjOelUlliQlnj3MT93oBVc8obMpYShUinON2dOfFccjkrawqM5AkiDEUi6+b6YLMhKBTsSABAK5dp1ZgyoEIPIBODWrZoJdpUAZ5HbNCqSfUiphaUFdRJ5ZJ9xKogUnOD1x9aZFq01rN5kUiq/Rio61qarGDp7KNkRVA27GexOK5WK4UI2Lcux+9gcCps09WZUrVYttHR3F/cakyGZ1cAdhVG+uFgsiIgFZjgjFVNL1FYr3bNGXgJ5Q9RXQjRoNW3yIqhQpMZdioJ9KlRlKWupnK1CS5laKOVEAQAzXCpnnaOTUUiR8skwbHUEYNJPbSRXhjuAyFW2vkYIqW6sliQTQvvjPVT1FM9BVFdXe/3COAsEYCD7xJYDkjipbqG6tVSZk2qxwhI56Cp7NUntwGGVHBBrp7SHRdRQ6bd3Ox0UCC4zldvYH6citVC6MK2I9l0v3OUt7XU7i2aaFXkj5DYIJ/KmQov2fDkk7iu3b0rcuNC1LTSIoZY50DEqYnyTUL2VzeyiaSHykQhpWPA7CsUqilZoiGMcpW0t3RY8PTh2k0+5WNwqsUEhwp/wBn/D0Nak/g62Zlmtr4W0jDPk3J28+x6ViXT21ldQsmfO5LkcYHGP60up+Kb2SH7FFNmBWzu28k/jXS3G1p9DOVOtUqKVHS+5up4Ul3RzX1xCyRjqkoYtWlc6WlvbzysoSMK6xx79xbIHUj6CvOlbUFcSAOM856Zq5bavOAsFzcSGPdhgTkClGcUrJWCpg6zt797djcfY2mrqAdQ6kIxduGP0qrZzWlzdJiMrKrZO08E8UzVbNotOS1LELHM0kjdimFwR+BrG3WjkiBJInH3WD9amckpI1o0lUg2n/wx6TqwiOmRzxvHKytvkkU5KDp/kVjrc7Nw3kAkZ+tc5pl2ZHRSwLHI2v0NX9VmCWMcgRd6ZjdSPrj9KqUk3zo444R05ezetzbinWdWWTDKSQHH3gaSXEGwDJHQMOc1yulSma9jKcDPzLuwK6i5tpYla2mZljb5kkB5+v+NZuKl7yKq0vY1OVvc9C8Eay88bWU77iOUNdrXjmjCfQ44bv7QshjKiRQMZ9xXrVldx31pHcQsCjjIxXZRbtys+VzOgoVeeGz/Ms0UUVseYFFFFABRRRQAUUUUAFFFFABRRRQAUUUUAFFFFAAa8/8a2/m3UhJ5ABGOoFegGuK8ZwtHeQXIXIZdprKsrwYnseY3UTI7DGARwMVRc+fGUOA4IIJHNb91CJtxjDDBJ29SKxpbYDLAYIPbjmvNZytWM92aEEMMEHGPSoVYseWJAGBV28iDwhSwVgScnvVJLZywAdck468YrnmluXCLLMAyBgHjk1cjlYLgcD09aqhGiUoFz2J9aeJGjXJHP6159SPPJRR2UKMqlRQW7JHucyMxYbgAOTjiqb3aEgRqMk4YHpVZIpLyfy42xuOQSaR7drKdllzlcZGOpr1YxcYpdD9BpUqdOCj1saTktGBnOfyrMnHkXUUvOQeg71qRqHCMDkMM5q3dxQvpMiRovnNtG4nOAM10cl1dDhX5HbuYzWeohWnkiLxMSfm5IqcRwmOOSNwhIBwemaIpr2ECKR1A6Lls5pzRriLPG0kkd6im5XaZLnOT978C0AIxnOT3xnFRS3YHVunXFRyysFODwetZEkv2i4EYfYpONx6Vq2VSo8z1LraghkxvHXFSpMC3ysCOhI55rPkube2HlwxK7DILuM1DHcKrbkUKe6ZyD9Kz5rM6nQurpHYadDazQSIWCu8ZjlJfBK9QRn0/WubEU+j6jIXjZVyQrFeGGev41atrsMowBg+o4rai1txp/2GRVlhGdokUNtHsTVtKSs9DiftKbatdPc5y9ntryIeXFi4BGCgwDWhGhhtw0vynaN3qKlfULW3+aO2jDYIGFHSsa/1JriMgMAx5wOwqIxUet2aQjOSUFsb2mG3Z5yr7fOdBGzdiMH9aytb0mXTtSd2QOjOXRgMq6nP8qzhfzi1SHaMK+4MeDmt3TNfsDC8GpwTSsR8iltybvpVRtJWkTKnVpNzjquxlSpa3dsXCiOYDjHANT6SrCE7jxu4raSLQr5Wea2ltpAPlaCXcp/Bv/r1Tne1s4QsJJAzg/1pKNndsmNZyTp2ZrG2TUWjtA6iSWEcM3APIrlXivtDvnSSJo2zhlI6/wD1qZFq8qXAcMcpwjdCK6i18U2V9Gv9tqrlAApMQbH9av3ZqzdmRKFWjtHmi+nU5a4WO4lS6t1EcmcvGOAfcV2mhhzGyBcHaCRnHHNY9zr+nICLTTrZcEjf5JJI/E1VTxBJG8/k5XzI/LOBnAoilHrcipTq1YcvLb1NC/n028vZEu48xFflkXAcH+o+tZcOjxXtyILW8QqQcLJlTj9c1nzOu4sXY4A4NQoXuRkuqIpPzMaJST3R0ww/LH3ZWNGb7Jpto0UdwssuSMqOM1jI4EjEOx4PJ4JNEqky43h8jqO9JBGzTKgXLNgAetQ3dnTCPKrt3Zdt7q8iiZ/MIUdyeasQeJNVt4jFHckqecFd2Pzqg7fZ5yJYyVXIVTxyKUaiS2HijZDkbcYo5mnvYThGS1imSG8lupWMzs7Mc7j1JprxyxM82UyrFeexqFT8rGPqGzjFdDZGPU9HkQCPzIsGQMOSP739KaXMFSfs1dLQwBNdMQ26QgHOc5GakVDczSCQ4lJPT1rUfTNX0dV3W8ghcfKSuVIpbXS77UrtZ4bZlYEbgBhTUqMr2sQsVHfS3cv6dLNcWBtpBvkjVowG7p/9bP8AKs1NNszA0byvFdLnBPKGulgtlh1G1sZVVTLISyk5yu0r+vNVJ9S04KbS+sxI65RbhG2kY9QP/wBdbTgmtdzlhWlzP2aeuuhhWEWJo4XOGVt20DINdrLaxzaaJRHsmtxh9wzvU/pxzVDSrbQ4rkySX7xSEAY278ity81DSru1ltoLsiaRQu2RCoJ7c1VONotM58XWlOa5U/uZxLWwstSW5SNhbNy4A4WutvZYJNNtvKJKgggk5IBFYozyeAEOwg8DirkUKXsUk8ciYUAMozgetKCsnFF15c/K5dOpLDeO9q1pkFAwIJ5554rufA11JbRNaznEczkxAnOCOv515vcyGBFeN0IBw27jIrQ0zWpbg272shWS2lBCseD7ZqKc3GV2cmJwrrUWlt+p7mOlFQ28yz28cq9HUMPapq9A+O20CiiigAooooAKKKKACiiigAooooAKKKKACiiigArD8VWP23RJcAl4h5igd8VuU1gGUqRkEYNJq6sB4fcsNzCM7ZMcEcA1WM6sv7xfm9QOa3fE2jHTtUkRQQjHcjdQQa51iRkEbh6mvHqx5XZnPJ20ZXuIkk4GCAep4qkLMRuW3jnpVyXaBgr24INVopAGIUgEjArlnc0pONx5XYvLAA9upqtfyFYQE78E06WRS5Ugs2eeOBTpkNxbMpXAA4PTFckXy1Ez1sBVjDERb2MuHzkKyow4OVBq5e6mbu3XcnzAYZSOR71FZEKCjnBU9D3qSe/tIJcxx7wVw2OoavYXw3PsZzTe12h9pOhjGxsNtHB71O0xZeeQOTWXHMrOXCFFbkCi7uWWM7BjntVxl7oRhzMvCeMNyRuPcnmlWRGkKLg545OaoWVrDJD9ouGLk889BQJLGSUeQ728wPyseUJo5jV01dpdC+CHOMDpirEejQtazyxoXcxHIJ+42f5H+dZ0crh2WZQJAfmA6ZrWsdRNu4kCglRjJGQM1pFrqZTc4L3DmoQLeQtIm4HuwyKW5WGTBhTDE8AdDXQzSWs0hkMQBPJAOBmq7mNSXjQA9MkZNRKHS5ftnKXPsynbWogiXzCSx5I9DTbhyinacfjTrm5WNSxbJ7D3qnFDLeZcuqqD1NJrobxvL35MSLc8ZcnOcjnpVeCSOOZnlGcA7R1+btVpoFRSI7pHYc7aokEyfdwe4pGi1uP8qWaVDJkebyCe4q0YLOIlZLg7hxkc4qFY2uV+TIMKkkDJwKigSGR9sjMAR1HrSvYUpab7di2txJGMhxJGP4x2H0pskmSCRvB4A7VWlhNvna+UJxkcZp4RjajrjGc0kxJRa5kRmNidgGCoyfaljgd2PzAKDguTxVmEkiUDGWjDKDzms93cKEJIAOQO1NlqV7l8W0QH7u5DkDJU8A0MiOhMLFSD0xg1XFoxRXjcMSMkdCKs2wxctGeuB7mhPWxm5J6pkNrE1wzxKpdjzx6DrUdzavBfG3bgBsA9RirtuWsrlbqEMJEYnB6Gt2WDRdYtUZJfsl6SF2MuVP4/19OtWqfMvMyqV3B3to/wOUuLaS2YHIZTyHXpWjaWJvHgZH2uSAGPrWkfDWpSxPDGqSoCRuDg8j8qg2HRoFjkwZg3Khs4NEYNboj6wpq0X7xranoMmraObm3kVriBmL26r8wPAb9efpXLxsmzybiFVI4yRg1t2PiCezvpbhcOjOGYrkDNaeoa/pGoxiS4sE88dGHGa0lGMtU7HLF1qT5XG68uhxlqg+17EOUPetO0mXTtZhbYSmDvReCwPUVoWup6Tp02Rp2bggg5bIA9qqXc0N+slxBGsSxIBtXknJ7mkopLfU6vaSm7Si7Wtc2bLxmtrMY1jkFsAQtuZcrn8apT+Jbq7mOwiMMcBI5NoxXLq6QFxNHukBxtPABqVri3liZTAEcD5WWl7WW1ylg6KlzKJeW4lSZmAIdecHkiqJMlzI0jMQByWc5xU1tGEeLdzHIQrkcnHr7Vd1fRzZWscib/AC8/fYdff+VJpuNzZVIU5JdWUdysP3U5JUZwRjNbWl69Ft+w30CPbSkAStw8beoPp7VkxadFNEDDdL5uM7GGB+dPtrSNrgQSEkEgbsY+apjKSY6nsasWn/wTT1cy2kRyAfnGVPIzjr/OqemarNaXnmRqSWP3c8Cuzv8AQkk060MZHmsA+ZBjcR/n6HNZd7pck8KyT2xt7hThZgmA31q5xnGVzkoYmjKHJNb/ANbGhfWUd3pi3ax7EkA8xc/dPqKz9CtGsb6Rbsx/ZCpbeTg57dKsWd5Ommy2kq7ywyCjcgjHalEYdSJFJA7HmnJ8sudHMnKnGVJv3Wdz4b8XxwFrC6ZpYUP7qZefl9675HWSNXU5DDIrxG2ijYARkAkBcDuK7Xw1rr2NzHpt4W8qTiN3PKH09wa2pVXez2Pn8wwMbupS36r9TvKKTNLXSeIFFFFABRRRQAUUUUAFFFFABRRRQAUUUUAFFFFAGN4i0ZNX08rtHnJyh6fhXkN9aNBJIGLghsY717vXD+MvD6sG1CBTz/rFHb3rkxVLmjzLdGVSF1c8vlIC4JJB9V4rOljKNlfXO7sK2p4ArMSWUEEAdRWXOoBCDcffpXi1JGVNu42J2ZwMgnqTjgVcu0aPT2k2kKeAemTU2l2AnuAHYJCCCz1q+L73T5fD8VrY2xjEcgJdjktwawp0+ed5O1vxPVwEb4iCfc4VUkz5mMqwOSOtQvA0TDLZDYIPrV3SHb7fGjEGMk5B7VPq9glpIG/hPIz2r14RvG59j7VRqchms+MhVPA4A5pUImXB6jgjuKksFzMZCMj061oTpbzusdvKqzqc+WeAx+taJKxr7TllYyTBcW8UkiJmAAZG7A5p1rZW1xACHO89RWlbzI8MkMiKVZSrBhkis19OeOTMLqyEHknBFTKHY19q5JrZjwGSQISCygrnOTjtVmKTjyycBiBn0qERRxKFTLHqWPU1WmkZeQeBQk0tSknJWZOZx94vxnGO5pRKSSS33j0B4FMtbOLyjLdDIPOCcAVAY7eds2shjcdI5Dwfxot1KUVdr/hhl0CzrzheSTUcsjxRtAjZjLZB9al3bw0Mo2yLwM8YqzbGC6gWwunEUiEmCc/dBP8AC3t79qT1NublWq2/q5nxWsssTSKR8pxtzzT4pBJMNy/OOCfU1PdW1zprKJE5bBDowZGHrkVXh3TXe9VIHU9qmzTJU3K7eqLqyGxuEuEGSfldT0dfQ1tr4Uj1S1fUbORbeMqXaJm3kD8OawJiQhz1HpVaOfYNweQZ4ZVbAxVpoxnTnJXg7P7zVl0JQMnU4COgUBgf1FQXKRQQmMPkAYBqipeVyqRkvnOSSQKkFncspUxEk8g54o06IpQcfikVzOypGoGGQnBHcGtvfpd9Z20FxthlPAmDZC8nqPTn3rFETIWBXBGQVPUVJGpVFyy8NkgnBxxQiqkFLZmv/wAI/ENwg1S2I9yy8/iKijsFsmcPMskhHVTkYqh9sZWZgowRgAdBSpczorlkJJwMkcCjRapGSp1FuxtzPmZlAOBxnpzUSO4XzGyVJxk8c01ZDseORVO8g7yMkVYlCoIY5SChJJKtwV9fr/8AWoTOjbQSLU72BmMN1MgbOQrYzUE7vNiRpmkJPO481ONSRDtS3QJ6NyTUU0SPH58PCk4K91NF7iSSd7WJrRIyoMu5lwSdvGKcheVd6LFFGDgF+9VFc/ZHQHADAkUwu1xKqEhRjA9AKblpYTWrbLM9u+xphMsgH3tpwafp10tpcgSDdC42up5IFVpI5bYjJBVuNwOQaeU3W4cnkelSnrcqylGzd0X9Xs5YLpnBUrIAxwMhh6j61CyafPCDGTDOo5ByVb/CtPQtUhjeNL4eZChwrFd238O4/lW0+n+GtXmcwyC1YEkqxAU/TP8A9eteRS2OKdWVJ2knp1RgWVyZmWMRANGQRIOvHr2rutP1GxKNpGpxoEYK0TOpIBYA446dfeubRtFs4S8d2BKjAOmwk4HoP61j3WrvLcyXUaFBkCPJwVA6Gqi/Zq17mc6P1nRJpLrtqdpeeGNIgEkkzeQF6ZI5Ht0Jqpp40aO4jEb7ypyqlQASPWuNkvpriXzJr2RnI6tlqLYFLpSJQc87lPOaSqR5rpG0cDNQfPUdz0sakt7dNIyYihjLDBzgDtWHL4vmsNyQRyorHcplOQOvQHir+k3a3KsXEcc3lne0aY8xehz7jg1l67oy/wBrbpspGTnPX5T0xV1ajjDmOKhGjGo4VVoa2neLLTUJBHqUcAichfmhx/Kpr2yiiWeWxcm2bIUg8x/WsCXw9ZRKLiyunfbhjHJgfka6DRr+NrQiSJzKGGCTncO+fpWVKrGsnZiqRo29phm7dV/wDJs4723MdxJaubPgbo2wy9RW29vMLU38GXjTOUbGCB1xVrVY7ezUSWqPAGHzqPmjJ9+4rK07VxbwSpGRLG+cqzfKTVpct4yJcnWj7SMf6/rqekeF9eh1OySNpB5ygDDHkiukrxDThLDumSfynjUsADnnsK9P8Ka6uvaSszEfaIzslA9fWtaNXm91ng5jgPYt1afw/kdBRRRXQeSFFFFABRRRQAUUUUAFFFFABRRRQAUUUUAFMZFkQq4BUjBB702aWOCMySuqIoyWJxiuA8TeP1hzb6Y2ByGmI5P+7WNWtCkryE5Jblbxbo2l6dOXjvFjeQ5+zkZx7+wripYLbzSXuVYZ6L1qpqF/PNI0sjtJIxIJY5OKoI5jbDfeOMKeSPrXgVpRnJtKyMVJXvY30uwWEMYxHjGAOadqsSiyhiCZdiSQTntVGzBRDMeFHJPrVK9v55ZskfIQSCOoqMNBTk5Ppoe7k+HlVn7V9BujC2XUiC5UhCcMO/H/ANer/iFPM01mDj7wPHpWUVMqhwmZDg7wMHNa14PtGhjzRiRSQ4HJyK9enZRcT3K0HCtGdzl7driHBQhiQOD1qxFprXged2KSA4K56GiCVVYMOCPWpZFZ5Wnt3eORsbgDgE0NaaHoOb6aCyHakc7cuD5cx7E9m/H+dIzkDJ6dvSoB5iwXQu3YGRQE4zyD1qrLdYVQr5AwMHgmlGTtqOEWy3vLNwOPX0qpPyrYyMH86fEtzImYd2GGG9KY6zQsPOQkHjJ5GKLnRHRhcyzG1RSwMeByOx9KdbWKzweYJcOe3YVbs4rWSKSKbzDG/IKNjDU6DS5LcmRXRwAduGx+dS4NrQU6llZOzKU5O0xzY85BlH7n2qNwJItw+8OhHWrM9ozMzzON5Pygc1WcjcVTg9uwxUpNL3jSErxXcu6Xq89nFPEIo3EgG52XLLg5yKdPqq3BJC4Y8khcZNVYdPZ/nkbAPIA6mrwgtoIt7AYA+8etae9Yyl7PmulqZkheQZ2nHtUYiYqCRgDqRV46lbBgAh2+uBSSxbh50D5QclQccVNl0L5mtGrENrdi3hchfmzxnvVZri7cs4ZyB1IPSnuPNcgkKCPlzUgE9hcG3uI2TjBHXj+tTJuwSdtVuRCdpcO3LD5Wz3pspblSoGDkY6j2odVN0Uj5DY4Hc0rxOnLLg5x60Rdy4yTSZLbzpb27SlA0jMQM9qkXVZSNsyK0bdVxjNV5bWR1eZFLRg8kDOKkEy3EPlSYBVflz1obaJk4/Fa4gt97H5woPKk9xTViDsI9ygg8N2NFqnnZD8iMHj1pUIC5K5IJ4ziqQ+ZkUSpFK8VzFkkkZJxg0ksZgYAPlWHY1rF7C6slklnZLgEIVEeQwHc+9PudO02ykDfaluCAGUR8g/zp8nmYe15ZdfuMso1vjzFyJFwRjJxWld6RBLBHPZ3MZkOA8WCpHvzVG8YzkOMAA4THPFQCeZVKFyQexPSnpsW1KVmnZls6bqbgIsBddwAK8gmrX2I2Vo0d0dkpyNmeh9KyxcSKQPOYkHIINOmkubomW4eSUDA3tzihcq2BU5LroSWyAROxBIBGR+dTpvnQFTGqkn5nHJNQglbORSuDgHJ4JqgWZioGSTwBSbtaxpvds07iArskcAhhtJToadJG10xSFxIWYbc8E1niSRP3TswGRlT2rXskWOaKdXVAOGLDIIPr/ninG0nYHeK5jOjtyLkRzbkHf1q5PYfY4fPEhZSQYyBgEZropU0vUSj20kEDxqdySHcWfpkH0/zis+TSrq7aUyXiyxquVIPGKUqck7Iwji5OSb07l3SLtIpYmkYIrkqzNyACMf4VvaVr1re2/wBgv2icRMyxSYySP8/pXFXMbNCIIR5jYBIHes+JniiDAfeJ25rX2jWgSwcK6bbsz0meDQILoxyXkSMMlieAKzLzxDb203l2MiPEAQzqmCa41nRQRIzSMSCVBwAaC0Txs0ZZGHVc5BqPaRWkUkVRyyEfibf5HcT3aaisbR3KsLkEOpbBBA71ywE8LNPEhEYOODUWmxySzxwhmUMdwYDkdaurpl01+LZZljdV6SHANEpO1zanTp4duDlp+hfsryO4hKLM2WUhgeGX3967PwV5miytKJRJA2fMHTcPUfT0+tedwRXum32wxKGBO4EZBB/pXdQWQu9OEtmHKxxhpIQc/N6irpv7SODMqceTkv7kvmes2t1DdwrPBKskbDhlPFWK8u0LX1025Ux/6hiBJF0x716Ta3UN3brNA4eNuhFdNKqqmx8XjMHLDSs9mWKKKK1OMKKKKACiiigAooooAKKKDQAVQ1PVrTSbczXMgHoo6tWb4h8TQaPGYo8SXRGQvZfc15Vq2rXF9O011OzyMeAvYVy18QoaR3InLlRqeIfFNxrMpUu0VupO1F/rXG3U+5SAACTgE8k1YlmL8ScH+92qnMXkAVhxjAfHSvKneTvJnI5OTuyqSPMZpHGVGcZyaLbDMZJM4JySepqF5RC+1WDsBgsRxin25LyAyEnnOT6VjOOh0RWhugGWxYZIypCJ0rFe4aWARIuJEyRgZORmtJrsFMBsAA8+1ZHlTNd5hJJJyNvFGCTUWfWZFb2MvUmtJ2kh/dnEhBIHfNadtey3um3bzIBIuCxAxkjj/CoHs4owzCMb1YfOOOadpiSSyTxk5EsbAg+tepGNpJnfiJwlr2KUSWVyMnAY9QDgg02JLZ5jClzjPGG4I/GqkdptdkZSHUkHsat29lAXK3J+YgFCTjik5OKuzqcYpN3ZXnd4pGhmUkgYHHes6ZB8xVcAn7vpXRT2ovbR4Qd09uu9G6llrAQDzdhYqmMcjJzU8ykk1sa4eakrlu3vlSzMIBSRQSCBkVetrDUJLNbgbZ43Gdh54rPhihNwC2HA5K9Aa0YJ7uyiKWNyHjOSY5BwDUVY1LXpsVdSa/db+Znyj7LJuRSI2PQ9QfSnJekqcHj1qPUXm2FpGUtIwJx0BqvZ2/2mXDNiMdQKcJS67m8Y80FKZaLy3AHl4OTjOelWrbTgrh3YuCOhFSpFFbQk7QABnPesyXVpS+2EYXtnrWjstyLykrQ2Ll/Jcxj5FGwcYA5rOe7nmtmiIDAnBPcVNBqcisEuVypxkgc0t6kfnB4jjcuQRwDSdmtGVDTRr5lOzEDOyTAgngH0NWJYnsSJInzE3XuMVPEbPUZSL6RbaQIcPGnDHtkCmHTFEYzdAgnO0dqjkd7xJnrK97P8CBStwWO3aCMCr9uFu7KO3uJXVombaxGRgjpVKcLGBsxgcY70iyTBNyIxUdTiqTsU1daF8WlrasTGzOwyNx7VSuZVdWC8nPJzTA8s2QAcflmpIbCSVuTgDv1p77DWmsmFnfzafIJrWfaScFDzn69jV1LnTLhGa7tP9KaQHcp2oR3HFRnT7aNf3j4PfJxUZs0WMy2jea3TbwaeqJk4S169yaeWxtwRb5UehOSayPNwGBQHJyT3qWSCSNRvTGT3qsyncAB0qW2zWEUlvcn2NLIBChyecDoKtJp1zIAGdVHXk0y2uPs1nJKABIzbQCOlUzLczEyZZ8HqDTukS2/QmntpLdirHkdx0qAljgHqauwzG7tzE5zKmShPU+1VthmYAHk9jSLi+5aLwWAACCWYjJJ6ClXUlmHlzRqEOASvGKpPFJEY3deG5Ge9WpWguItwwsgHbijmaM5WT118x05MMiA8oV2hh0K84qOWydI1kjPIPPGMdxUcDtMvlsSVUHA9Kv215FFMokBkgxgqOCKpJMqV0tNStJKTCIpFwxGQMYOatRTFNOyFAIGF4B/nWobnRmXzY32HcR5ZUlgPbrVO7ubMgRwFRHjJzGM0+VR1uYU5N6crM21Je4BD7WznPYVYEpVSTJtjyQCeSR9KiiTfMyghdykAcAU8Wwt7yMXSErnBU8cVL0R1Skr6g0SgGSGfeBjJBwRVy00q91NxCiKuDkO3CjNRX9nbRqLiycgdWjY5K1uaTfrbLFPKQIxgyKe471VNqT12M6lWSp81Pc56S2fTr0pcwElSQysOhqw32e8QrFa+XL/D5YIB+tb82t2rzkyxxzw9EMg+cCol1y0gQm3sIAM/ef5iPzodOL6kKpWdnyu5N4Z065djI8ZRY8gMRkH/APXXU3+nQavKqBBFeqM9MZFcbN4vvrhwBIIEHA+zx5YfiazYNZ1C3uzdmeSQ5yS55NaOcUuXdGVTB4itN1G1F9Dsm0S7XIuI28tc7So3EVsaIJkBi8uRCOrhcZFZNrrz3mnR3KSEKGCSoxyFPr+NZ9/rqaddywqtzckqN5Em0A/rRDlgtNjjVGvVvSa1NcvZrqV4JTlGBCueCG/zmtnwn4ljtNSezlY+RIwUknO09j+NcBa6jBdzEoDG5HMchyH+h9f51tabYWubi5DbFdcKWbO1qmLad0XicHD2bp1r3se4gjFLXL+ENb/tCxFrM+bmEYyerL611FdsZKSuj4qtRlRqOEt0FFFFUZBRRRQAUUUUAFZmuaidN015kAMh+VAfWtOuc8YQyS6UGRdwQkt7VM3aLaA8v1J7m6mkmkDs7Elie9ZJRyGO4KF+8Q2eK1LlC425yxPQis4QspwwwQcHJwM15Eu5xTd2VjOuNiwh+cFm71VuWkfaW4ReSo6A1oMgDMjg5HUiqdwQihhkZJDHOeKi1iE9TIkG1iduATge4p6SbVPcnJH0oceZN5ecgnOajIywCHpwR7VnJXWp1L4SwkzlDGB1BJ4p9nPtBTOHYFQe+aW2ALthWLOAoA6kmo0lkSdI2RQFfBGORTorlZ9RkUk6M4eaZv2g3IsMmWQqMsOuafDEsN6jAAHdg+1Y+ozy2WqkqTsdBwDilsZ2knEwJBjIbaT1Nd6nZ2Z6U8M5R509y1rNg4la7gAJAAdRwTWcpivdsbqXPQAcEV1E86ooJGVkAYZ9DWdMtgWEhfynIOHU4IrSaVzPD1pKKTWxjwMmltJOu5y67ASfu1VSISyhyh5JLYPAFac+jRSQiWO4ZwTkHdkGq2yO1xklQRjBPFZKGtnsd8KkZarcGsbZiSAwz3BIJqM2iqcRXWCT91uaebqIoRvAB44rCncmZhvyN3X1olJLob04yfU2f7NaR1MzggZ4AxkVObUWse6NMAc571Uie6ggUo4dD2IzkcVoW12l6u1Rh1wCpNEHFuy3MZ1Jd9DJmv5mdokQEEYwRyKqPbS27JIQMEBlIIIrQvbBg5mhByD82O1VYryWFTEqgqecHnJqXrudUZJx90m8+KaE7owrD9apwMXWSNjtXOVJ6A1pxzXU6bRBx2BGBTDYTSRlX2R85wBnNRy63RnFxi22U2gaPBdgSecgdaRnO4AE89ecVcNpKD+8feAAAKhcBZAOUx0yKuxfPcs21ojgPJDsPu2Sasu8UbBPPRMcbeKqG/VbWQBzuAwD71jA75QXY8nrTlJLYjkcruR1CRo2GUhgeuORSkFUbaQCAcfWsi0eSzbfyYm4IHYVcvc3FmWhywznIPUURkmtDO13o9DHBaef94/JPJJqaW3ltf3kbkAdCDkUQW8E5I80xuQSAwyM+lPGmSgZ86PA6gNmo5W9TonLXR2J4bxZ7ZvOTLpgk+1VrmVWUqiDnkE8EUktskalRJukPfpQlu0iDPGOMjmq1egopJXFhV7lPKeNn4JRlHINNxLYsVkjYA84ddpxSxi6tSpVXAB3AjtWlHrd8iIZUMroSVMq7lweuQaSiuopp/ZSa9TGDE3O6IbSSMCppIjGRjORk5FWTeKFYRwIm45OBgiqkswcq3II6inaxcL7F61vbVVKXVv5yMMMN20r9KsS2+jv5ZtheEEMWVgCRgE8Vir+8YjnJPygdM1oxafHEnmXLjZjvxzVKV0TOCTvdodNc2Mag2kbgkAZbk1nFyGzsAweo71oQ3lhDIVRG29Nx6mp7izhuLYPbOoJJJA6Ghrm1QKai7NP5mbFKxHkoAAfvHvVjzLAfu9jgjjeOmaqCMpKVwScc47Vr6ebT7M1pcoqyE5VmGMj61nKbir2HWmoLmSv6FEI0chKEHuCOQa6OzudO1G02XyCKSMYL7s7/wAKwY4vIvZI0fMajgn0qvLIgmIKtsHO0HGauFSyv3CUFXSs/mdHc6foUTKY76ZwRkoBjHt1rJvLtGURQEbcdTxiqkW+abdHthVRyw4AqdYrE/K0xLf3umad77KxdOkqfxNsrRozyKC4JYgdcmpWIQHeOUOAp6E02e1MDKyOGBGQR2q/YaW2qhzAymUEfKeMnn/P1qUm9EdMqsVHmb0IoXv3i86KItGOOFyKSKVLic+YgUkdB0zUwg1HTW8sxygg9OhxUkdldXEzXMkTxc/MWXCkUJSuZRrxu728mhLK9e2trqEEGNsDb681e04JqV9JJPcPCszkkgZ9Kx0CtNIA4CFsE9hW3plks1sBCymZWAwpyc/Siak1aO5GKajBzjo2RXOkzaVd44ljY5RwOCP8a3bR/IKqWLQyAEg9Sef14NSpZ6pNPFaz2bhQc+YeFxVbULmG2Fxbs3zoAQc8g7wePpz+dFJSdP8AeKzOFYieJjGM/i8vzNe3vJNMvbe9t5CY0IGcYyD2Nev2063NukyfddQRXjOlazDHo8iv88ZnyC68jjOP516H4J1ZNU0yQKciJsDHvXTh3bS54WcYWfJ7Rr4Xa51NFFFdR84FFFFABRRRQAVBd263VrJA3R1Iz6VPRQB4xrNsbO7eF0IcMRkHArFlAZm+bBB4B716Z420rKrqESBj92QenvXnNzGFwuCW3cjpXmVqfJLQ5KqsyttR1LFyGAH8Oc1QnRFyGJbPYcVedFMbALhiccms+Q5HlkE4PY81g9DLmXRFHYcsQu1QCfc1HEhADEYA6evarzRIEVEfLsxLE84/zzXSeD/CEmvX6tIrLZxEGRyOD7CphFzfKjohfY0Phz4UN9frqVzH/o1ucpkcO3b8qxvGmkPo/ie7MfyJKTJGNuQQf617vaWkNlbR29vGI4oxhVHQCsPxVo9pqdmn2lMEHaJB1WvSlh17PlR6uX4n6vVu9noeI69ZvNDbXYHRRuU1TtUA+YHHvXeXulCGEW8nzoF2gjoRXNPoDKpWCTABwQecLUypvdH0dHGRcORsilIn0NCDkR7lJPGcVzB1F5IyhjLDpuzzXaHTPs2kvAJNwkYkHHI6Vx8cPku0Ug+ZSQR3IqJQdlc3wc4Pmt3L+nmW0hE0DFwwyyHoTU+o232q1QxDG/JA6ke1VUidGMkMxRSAGUcg/hVnTdzxXauygqwKgHJ71lG6lyvY1lpLnRzLI0b7SPmUjg1Otm1yrMGAbPAIwDW5LZxTNkrlgeCOlUjYTpkJOvrjbitHTsdSxCa7MorFfQrsVTg+hzUlgDaXYlnOA2Vx1PNW0tJmUB7kAD0WrEVpAGG4l2HOWOTUqFndETqRaJ3JZDjgEcgVVgghjckqoJ7mroAYbeR6E1l6ikgUbBjHUjvWsl3RjSu3y33GajqDR/uoTj1Yc4qCza5lUslw2c4wTmmvFEbWN5UaLeThwMhsUf2fKArRTxHcu4lX6e1YSUm9Dq5YqPKtCeW9ubWRfPwynqAME1cZUuYRLG2ARn3rMazUDM1xkjkY5q9YQs0BUghQcpnIzThzLRmckkr31MqWIRzgEkqT1HpSyWarGWEyFuML0z+NatzZBicjPuKzprQxAHaQOevBocTWNTm6kQtrwRgrHKYySAQCVJqeJp7WJofLYs+MYPIpgnkgURxyPtGTgnKmrFpKZ7kNJ1XkY9aSS6DldJtrQZFYTuASAueck1PHp0qj55sKeuOtXrmRooWYKCQM8c5rAe9uLiQAylcnjBwBVOyM4ynNXNmOwhRtwYs/qeamMKp0PI7CsUG6gG8SMMHPXIrSsL9bvKtgSDt60RknoZyTet7liWZYIWmYZxxWUdamY4ES49OTVjU7gCNrcrktyMdjWQPMtpcshBx91h1ok2maU4Llu1qasWowTnbcQhSe4HFSz2aMoMIUKR1x1FZNw6Mo2AbiATjsa0dLuCYvKkfBH3M8Zog76MdmlzLQW0tFiffIMsD19KoX9y89ywJ+VWIA9BW7JGWGVABAzmsaeylSUuy5BOSRwKco6aDpzUneQqW9rPDmNyHAywI4FR2s7W8rAPmPIyR0qyLYOhc24CEA/KQTmoQIYs4Vyw45GAKnla1uOCV3rce8pkmeSFSrA5I7EVLDcRzsIrkZUqQpX5SDUMRkdskcFcAkdBV9IreCPzrhcsPwFUu5UrJWYiBNxjQ9RyxOSAKz7mQySYC4UYwOprQS5tZA+E8stgBsYNU57eSMncckYIb1FS7dCqWktSJi4iMIHIbJHrT4bQy25kDZYckelX7K3S9kDsyJuPLu2ACKmk0SVAZIZkjVgWUmT7/0p8jaugqVbOydmZlo7GQIxJAB4PapElns7ppYSVYYOQeRVhLAQhZZJwZCMEHtVZkAnLEqQQRjOSaVmlqbRmpM2ovE2o3EbR4V5CMlyMtioJ9Vvmi2TSsY8/cPINZRmVWEibg4OevGKspKFWS7c7ioAUY4yarnb6k+wpx1UUiz9nuZEDJHHEuBhcZJFRxXE1nMA2EIGMjoabHbX88fnrKSeuC2DRNL50RS4XZMnAJ71HMmXTnCfupp+honXbuOMRx3shQqdylyDWdCLqeTzXVpAQQSfepLC0jbM1w2IxxzzWil/GhEf2V0iBwHxT3+Jj9ym3GnG7NPw5A7wXNjPsKyxk/NwARXdfDO3a0+3wsc4CnOcjPNcHp11HFqK9HByCp5BFeoeDlhNxcTQrsEigbPTBPP61tRj76Z87nMpRpVE9pWfzOxooortPjQooooAKKKKACiiigCKeCO5geGVQ0bjDA968t8R+G5tLuWkRXeBiSrDn8/evV6jlhjniaOVFdG4KkZBrOpTU1ZkyipKzPAJUMYIKAZbG48kVWZMgtwFPHHBr1jWPAUFyGfT3WJ25KOMg1mad8OpWkRtRmVY1P+rj5z+NefLDVOa1jn9jK5znhXwhNrlwZJMx2iHDORyfYV7BZWNvp1qltaxCOJBgAU61tILK3S3t41jiQYVRViu6jRVNeZ0RiooKrXtst3aSQNwHUjPpVmg1sUnbVHjd5dyaXqTWt45EQJDE/wehqCadbedllHykAhlNb/AMTNFivAs0LgTlcso9B3rgoZpZ9IaORWM9oABxklP/rGuRtxbifSUFCtSjUW+zX6m2Ly0uJPJWUK4PCtwDXP63owkm8xSY5ACAw7/WsiW93zkRrzkHOcV00dyL/TgpfdNGOp6ke9KNRS92R1PDywzVSDOXFjdqQBOg4xnGKt21sbZmYuzyMACSakZ2jYgjpVaWZ9wIbao5yOtTonsdy5pq3QvIDtDAZOc4+lQyk7mPqcgdhUVpczSxHzAHAbCuvepd+9SQAx6jsTRGab0JUXGWpXudwhby2AIHWse0je5uWBkKtjue9aGrQMscci5ABGSOtU/somTeHAcsTn2rKUG2dlO3JvuaGy5sl3s+9OvJ5FWlKTwhuqsueaxGhkVQJZyw7KDnNbVsjR28SMQSFAPenSUtUzGpHlV27sqzWG5QE5AOQD0FVBp0ockPtB962yRjAFQuBjO0AjnitFBbkwqyRQcQWESl03uc4J5zVcarOzZWMEDjNM1GVp38vZzHk5qtDPJAjBQOSOCKxk2nodSp3jd6s0U1WVSDMgC569CK0gI7hQcBgeh9qwXWa7UDbtQc5xjJrU0sBbToQFY/NnrVQb2kYzhaN9mSSWUWSQvJ7YyDSC2RFyibfUDoahudWCOY4lyRwT2qFNQnJy0WR7UOUULlnbUiuZJxMwkZljOQMcCqLxLuVY33E4GOnNbqmK8iyvB6EEcg1Rl02VDmNA4OeD6UONzWE0tHoVntbsARPEyhSQfeiBJbR/NIAYA4U96swLdONmGGOBkVbSxXbmdyT1Kg4FNQXQfOo6MzZZzK5IYlhyD6H0pXledY/McSbQAoPBArSDWUfGxMDgdzR5FpcLtAAIPG3gii3mL2i7FPNvDLzb4OeM8gU6NTc3CmMAKp57Yqw2lBmAEmB2B71dhtlt1wq4HfHOaaTehMqkUrrcmXbHFuLZAGSPSsC/v2u5fJi4jzj61p3YL2sqjdkjjHWsKKDzHYM4jIBOWHWio2nZBRgrOT3Fe3nhj3FiAMfLnvVuwn+0/uZuTglWPWoX0+cMPmWRT0ZWyDUkVs0E8ZRg0gYYXsRUxunqapXWrLJtikgaMnKjHI4FRN512i/JnyyTj1raCBl+YYBqnJaSwOzxtuRs/L3qnHoRGpfR7jXn0+a3UMpicDG0rzmqUsolt0jYHKMdpI5xV1rgYVZULuBjcUyabDZTXOWK7EH3RjmsoU+V6MKVONLXoUWgdJCYw2w4Kk8ZFPM0ykIGbdgAKD0FactgwVSsjIVBCknJNQ29t5LZYZOeCetXys6I1VJXGpZKqCS7lxnnaTVmJtOdti+XypB9azdQdpbkAnMajAx0ApslouwNE4cnsD0o57aEVHypOTevYvz6bG3zR5Gf4e1MMCi2MPUkg47mmafdOkphnbK9iT0NTXmGkRkOQAenendNXRacrqLegqR6lAPL+zMwQZBI7UyVSrkysjzMQpAOQBRLqczxYV5w2NpJPaqyWksuBGrNkZFRyxWxdGhGDcmkn5F/9388EDs6qwJJXAOM9q1Vv4GtTBAvmuVwSRhVrFtrW6gdJYwoYHGDzW5DfAWzwiyAkZgQFUBc0OHM7sitTi2mvet5/mVrG23X0RQ8j7wHavYPBilS4xwFP9K4LRNKIRp3TGTySc16Z4XtvKtpHPQnaPeuqjCzPn89xKnBrtodFRRRXUfIhRRRQAUUUUAFFFFABRRRQAYoxRRQAUUUUAFRXE6W0DzSHCICxNSmuQ8ZagWiTTYW+eVh5mOwrOrPki5CbscjrmvbryS7fLCUkKvbYMVXttHhuLtLu3c+TPEy7exB9fpWFr0vmak8KglYlCJg8dq6nwlb3l1AAIisKqACeBn2rzsPOUqjUtTow2JnSbinozzrV7F9P1Ny6ZjJweOAaLGYJdxzRsSwYZUHgj0rvPEemCZi6pyD8ykcmuctrGG2uUuAmGUEAnrXTKlqfUUsbGpS97ch1G2CzNjIx7dq5e5LyXDxl8AdPpXY31ws8xJ6jtWRd2STpgr/ALrDqKJq50YSrypcyM63E9mm6B1cH7yMODRJfzCZT9m2HowByKc1ldQp8ro47Z4NRmK9dgAgUE/Md3asXT1ujqvGTu7GqSrqEcAg8j6VWbTYGYsAQD2DYFW8llJIyRjJpAV7kj6VszmU2tislrDbtkIM46k5NMnuhCjMRwOwqaQfN6j1NZ9+4CqhTKHILdcGpk7LQ6Kced+8JHqbyMdsRIHvVwXKEqScFux61k2ks0DMkaLKDyRU1xcyXURUWwjPABFY+0mjSpSs/dWhcvLRZYfOjYCVTgDuRVCC5eJfLmUMgJOCuSKvWbhrfy3diy8FhzUjpE7BJVAYfkR61Td2Qpcvuy1KQaW6YLGu1T0J44q3KBaWTBRkhSfXNSxokWSFwT1NU768AYQhtqn7zAZwKdrLUd3NpJaGRFKYpQ+AfY1bN1cXAKxrgHqVGKSIWzM4kQlQflfoTU8Qa4bZENkS9T04qFBM6Jcrd2iTTI2SZnLEggZOOM1roVOSax57xYcQRDBHr2p8QvWXJwM81anGGhzVI82r0NKQ7iSBwOpqjfsq2jYYhjwMdTUdtqH+kNBIMMO/Ymp7m3S8jwGw4ORirvzR0FCPLJX2M2wuYIARcQs4J+8OtS3VzFMym0hdCpzuNNSyu4mO0KT9QatraTSqDK4QdwOtc/sPe5jWUKXP7S+vqW7aQSIrAgj1qaW5hhXJfBx0PSqoKwKFj+6OMCsrU5GZ1ySAQeK3k7EKmpy8jQfUFToC2c9BkGoTLZXM2JEMbnjI4rOS6lRAmFwPUc0oQyTqSwySOe1Z88m9TVUrPsaqWM4BjWVTGOhxzU8FrHanzCdzcgse1TwqwU46AcntUMgZ1cDkkED61s0kY80pO1yi9/LJcmKM8ZxmpZZ5rdQzMrqSAR0rI8mRWwQQc45NPeKVB8/JPAIOa525PU6nSTtZnQ29wrxhuuRTnuSkTNnCjnNUbCFo4yH6nnB7VZmKi2kBQuMH5RW2tjJxip2ES6ldQ5QlCMgjnipVZZBweap2F9JAnlBEki/hLjBBp4M010ZCFUHsgwBWMJVL2ktAUJqTulYiuVIuVEwxE2ADnFIqWRkzCHUjJ2s2a1JoIp4NkgJJ6EdaqLpEKtnzGI+mK0a1sbRqRatJ2KxCsxjhQFm4wO1alnYGOJVYEk88Cliiji4jQDjrUt7O1laRMASZGwxHUCm0oq7IlNzajEewhgYAsgYdj2p4dm5DHBHJHSo4ZNKaHMlyoJ7beagt8eY8kBYQljtB6kVlTrSlKzRlFOV+ZNW7l9YRkbVzwOa2dO04SDcV2qMEk8mqmm2z3cwjHAPJPpV9Ly8F29nBbKkQO1HPLH3raTaWm5zVXOScYPU09Ngub/UVtYvuBuAOiivTra3S2t0hToox9ayPDOiLpGnjcB58gyx9Pat6uqlBxjZ7nyePxKqz5I7L8fMKKKK1OAKKKKACiiigAooooAKKKKACiiigAoOccUU0kUAZ1zNqSE+XFGVOcYPNcve6RqtxK8kduokkzukd+ldq7qASTVOa9jTOXFZypqW4HHaZ4CiSVZtRl8wg58sHArrkigt41jhRURRgKOAKoz6vGucNms+XWRk4b8qIQhDSKBRHa7YG4iaa2x5yjlezV5xdXEMs7wlfKk6FDxk+1d0+qgnqa5nX9Nh1LNxAAk4544DVFS71iengK0YS5am3fschdl0cg1nysy5cuw+hrYlczqLeeMpMvAc8Z+tZs8JZGjJ68ZHNcrVz6qi0lZj7YpJZiVrlMjIIkOMUsLxOGCspI6kHgVlok8BKPEXX+EgZBq/YWKxkzzHY5HCDoB70oKafkVUpxV3clL7Q2eBj9aqSXLIucE+wqw/DEA/L1qAqSpC8MRwetau9tBQUepLAZZYlk8tgDyM80jRpKGEhAGOnTmobLVbmwjMEmwoucB1zT4pXuppJ5BtXGFAXGa54Src1pLQXLVUndK3RohOnvE5aF8ZGCDyMUqWTsVM8uV64AxVoOQcZxnuaUsDkM3zYwM9K3sN1JgqpEo2KABwAKawRmUuoABzUEryEFY25x1FSadLYpbmS7lZpVJBXbmsq1TkW1yZxcY81r+hJvDE+hNV59OSc5AAY85FO8wzzPNGnlQ5wqnqanSYBTxg+o65qoNyjdocXOOuzKEekqrEyMSB0A4FXUiVU2qAByMUSTqVJMmSOxFReeB16Hmq921jS85bmRewBbxlRsnGSD2pqJdSrwzlRxy3Faj2qTyGRHKSY6jpmmRaZNgiSYKCc/Lzk1HJqb+0ilqVbaAyXKAksVHLDAAq7JMkCcnle9WUjitodqD8T3NULqFpo3KkAAZOe9U1yrQz5lN67Fm3lluE8yNTs9zjFK16qyiOQ4fHQHIrGjEuPLEuARnbuwDVq0s0l3FycKeueCahObY3TSd29C/uBzg5BFJcWwuYQEC71IIzTAVQH27UwXsfnCMuEJ7ngA1pddSbPeJELO6ExPkqAeCM5GKtW9ifMEkzDg8IOgqJ7xVYiObexPQDgClgvxMDu3DJqYyjfQr32jQdwqkDGQKreaI85qN5CFBX6VnXLzrMGJyB0J6U5TFTp9C/OIHPmSRHkYLDin28VuGDqWJ7AnOKzS81wAHcncQBjsKtQRPAwVjkcjPapUnfU15Go2bNAOFOQfxpfNBJVRz6dagiAdirHHBwarT2E6Sh1JIbHIOTVOT6ExjFuzZoBEcEhBjoccc1IrDgIMZ7VQhtprU+ZvIyDlSatRXO4jK4x1+tHM+pUo22d0XDN9jjEk2Fz0JGc0/z4Gh84zIoPIAPOPpRLJDcoA6B8DrVWO0toWJKE+3ak+Z7MytFq73LMFyki8HB7AqM1NM4uITDIflIxVMrlUMceAc4JGTWpYaXPdKcISAMkngCqjd6MU3GC5rmSNHiL5DHb6Z4rSit9oCKOBxW7YaD9ofZHHPMR/wA848j863NJ8LXV1M+22SCKM7S02SSe+B7VShZ2SOWvmUUrTlsY2mI0a4jU57kcV2nh3Qy92L+4X7o+UEdTWzY+H7a0Qb0R2HcLitZFWNQqqAB2FdMYW1Z85i8x57qn16jx0ooorQ8kKKKKACiiigAooooAKKKKACiiigAozSE4FMLUAKzYqGSQgcUpJqNhkUwM67eZs4YgVh3KSknk10zoCDVGe2DZ4qWikcrNG+epqoyMDzXRz2uO1UZLf2rNxLVjGIamHcK03th3FQPCB0FRY1TRz+o6Ul4jkMUkbncO9UZbFHtQhUJJGuPrXTtFUEtukikMuT2PepcOp6FDGShZN6HEzxGNQQTznrwaiJC8s2BgEV0d/pm6MMqE4B6da5e5jCMVZyCP4WBFZSk4nu4erCstGPDxyZEb5PuKfLBIvLIVY9iMZqpENgJIz7jkUgMruBJOzxBhhS3IFZ88r6HQ4WehKQxySASOoNRvKByWwBUsqlVBBxnuDk1SmJc88gVbbHFXJPtcStkkkDvjikN1DI2A449eM1XltzJEojPzA5x0zUBt2IAKSbh1IHWk+ZGqhDuaQwVIPIIwcVCLVFLbZSqMclQMmkghMMRLsQT0XOcU4vkEHr6015oltp6MmDqihIxhB2qGWdlACkkn0qB5lU439KYLlCww2T24pNjjHqyRZ3gmZpVVjx8rd6dPeTzIFSNEDHAA5NKJkfMcgDEevUGpI/s8bBhF846HPNTyKXUb5d2tRsETQxrubk889asiU4wPTmq8koySM49+1VmmJIUEjJ61XwqxLXNqy68qZAPBPvQkqqMNg54wazXtpg+9SxGeoOTipks2dCZGYADOSec0ryfQLRS3LC2lrvLbWABzgHipZJkChVTao6AVURmQkE8HjHaiWVF5zxjjPPNWpA029WK7byAM8dTUM9kUcuieYpHr3qP7WhYgKSfYVKLqRZGByPQ+tRo3qUpNbC21oxfLRsqgHLE4zU5SNDhBhfSmfaXcYJ7UxpDtHPJNV7qDmk3dk5ZSeTgfnSu0MsQR1yB0qEQs4B85VUdcVFKEB+Vzkd85zSaa1BNNl1RCiERLgnrk03knbg7umPeoog5AJXIHvzWjah1LNHCXduBxk073FKfL1IhBICB8o75zSG4eEMFkJ5AyOtadt4e1nUGyluyg92+UVv6d8OpZGVr66CgHlYxk1SpyexyzxtCHxyX5nIrFNcqJA28Zxz1BrY07w9JOpkmYIvoOSa9IsPBuiWqqBA0hHeR810NtY2luo8m3jTHAIXmtY0e55tfOla1JHl9r4R1GcA21gxHPzSNtBrVsvhzqLsGuDaxjOcZJOK9JBxUiv+daqjE8+ebYh7aHK2Xw+0+MqZ2LkdgeK6O30DTreMIsAKjse9XVbpUoYVailscFXFVqnxSYkcUcSBY0VFHQAYp4GD7UtFM5gooooAKKKKACiiigAooooAKKKKACiiigAoNISKaWFAAaYaUmkJoAaRTDTiQOtRPIBnFMYxzgHNU5pVXPc06WQt3qrICaRRFLLnp1qm+TVh15qBjjg1JSKrgmoHTrVthzUDg5qWWim6VA61cdagdaRoik44rOu7KC5XE0at7961nTrVeSPg4FQ0b05uLvF2ORudBaJ2a2kOOu01QaB0YiVMH1xXYSxnuKpTRAjlcj3rJ010PUpY+ol7+pzLIy8HketV32DcGOMc1vT20Z4xgHrisu8sjklMkDgDvUuLO6nioS30MxZFZiACPQnpUgD7c78DGc5qIWkryBFGGPQNxTWimQlG428Y65pK/U6ZVIfZZIS31qF3Oef0qQAqMlgKY5Xkk5+lFmJVY9xiRq6sGbBIwD6GnQ24Rt3mKcHIFQGXB4T9aaZzn7vXrzQoiniFtcuy7ECgHJH3j0JNIH4yenbNVxKhXluajeZAMb803EX1iKW5ZEqsxTdkkZprAopJIB7DOTVEyLuyM5/Kk80+/uKaiZTxS6MuxXLjIJx71L57scDJz1A5rPWZR0BqxDqMsAbylwzAruPpT5WT9ajuPaUgEZ+tMDryX5HpVcyzMOwPrigPKVAODj2pcgPFpqxbR4EDFIzvbjJ5phLMSTwPeog0vHzfhTwGbr3qnqRCskxwlUHAyT7VIBJKVIQj3oRCMCrkQwRU2K9uxYtNkdR8+AeoPUVp2miW24GV2f1HQU2AnitCImqSRjPEVO5o2ek6YuM2+4j1Y10lkLeBQIoUTHooFc3A5UjmtKCc8ZNaxaR51bmlu7nTxThgATVtJKwYJunNaMMw45zWl7nDKFjWjmIq3FOCMVko4OKso/SmZtGwjg1IprMilI71bjlBAqrkNF1WqZWqmrZ71MrYpkNFkNUgOarKc1IGoIaJqKYGp9IQUUUUAFFFFABRRRQAUUUUAFNJxTjTCDQA0mmEmlbNRkmmMCxFNLmg5pDQAxmPrUTnNSkUwgYpDK7cmo2HFTMQO1QOTQMryDmqrg1ccZqBk/GkxlRhUTDPWrbJUTJ6VJSZUZahdO9XChqJkpNFplF0qB09Kvun5VXdKRomZssZJPFVJYSR0rWZPWoHipWNoyMOWA88VSltjk10EkGe1VZLYHtU8puqhzstsccjPtVSW1ODxXSva+1V3tAe1LlLVU5WS0bPAqrJZMx6V1j2Q/u1A1kPSiw/aHKGyYfw002jehrqDZD0qM2Q/u07B7Q5o2jd1PNN+xn0rpjZe1NNn7UWFznO/ZD6Uv2Q+lb/2L2o+x+1A+YwPsh9KcLU/3a3fsg9KcLT2pj5jEFoeOKeLQ+1bItB6UotfakPmMgWlPW1HpWsLU+lPFsfSkWpmYtsB2qzHAAelXltj6VKlufSlYftCCKLGOKuIvA4pyQHjirCQnNOxLmJGCKuRnGKYkRFTrGadjNyRagc8c1pQSHisuNSKuxEgCqMJq5rRP05q2j5HWsmOQirkUpxVpnO4mmjdKsI54qhG+cVajbNMyZoRSe9WFbNUENWUc00ZtFpSRUoaoFOakBpksmBNShqrgnNPUn8KZJYopAcilpEhRRRQAUUUUAFFFFABSGlooAjIqMipyKQgE0AViKYaslBimFKYysQaYQaslKYUNAFVkJqJk9qumPNMMVIdygU9qjKVoGIelRGL2osMzygI6VGY6vtFURiNKw7lFos1E0XtV8xe1MMXtSsVczni4qB4vatVoqiaKlYtSMlouelQtD7VsGDPaoWts9qLFKZjNBz0qJ4Pato23tUTW3tSsUpmI8Ge1Qtbe1brWp9KjNofSixXtDBNrz0qNrX2reNmfSmG0PpRYftDANt7Uw2vtW8bI+lNNkfSiwe0ME2g/u0w2g67a6H7ET2pDYE9v0osP2pz32T2pv2T2rozp5P8ADSHTv9miw/anOi0HpR9k9q6P+z/9mj+zv9mlyh7U50WntSi19q6H7B7Uv2D2o5R+2OeFr/s08Wp9K3hYf7NOFh7Ucoe2MEW3QYqQW2OcVuCx9qUWQ9KOUftjFW3PHFTLbn0rXFl7U9bQf3aOUXtjLWA4HFSrFjtWmLT2p4tB6UcovamaIvapUQjtWgLUelSC2HpTsJ1Cmi+1WYwfSpxbYPSpEgxQkS5CxZq3FUaRGrKRmqMmyVDVhBTEjPFWEQ1Rm2SoDgVKAaRFOKlC0yGxAM1IopQtSAUEtigYFLRRSEFFFFABRRRQAUUUUAFFFFACHPYUmOcnrTqKAEIpCKdRQBERSFRUpFIRQBCVFIV4qUg0hFAEBQUwoDVkimlfamMqNGKiMXtV0pTTH7Uh3M8xcUwxVoGP2phjosO5nmL2phiHpWgYj6UwxGiw7lAwj0phhHpWgYjTTF7UBczjBntTTB7VpGI56U0xUWHczDbjuKQ249K0zD7U0xe1KwXMw2w9KabYf3a1TD7Unk57UWC5km2HpTTaj0rW8g+lJ5B9KLDuZf2X/ZpPsw9K1fJ9qDB7c07Bcyvsw9KPsw/u1q+R7UeR7UrBcy/s3tR9m9q1TB7UnkH0osFzK+ze36UfZvatXyD6Uvke1FguZP2YelKLb2rV8j2oEHHSiwcxmfZval+zVqCD2pfJ9qLBzGWLYelOFuPStLyB6Uvke1Fg5jNEHtSiAelaQh9qPI9qLBzGeIR6U4Q+1X/J9qBBz0osHMUhDThDV4QHPSniD2osHMU0iqdIj6VaWDpxUywinYXMQJFyKsLGKkEYBA71KE9qCWxip7VIFpwAp1BAgAFLRRQAUUUUAFFFFABRRRQAUUUUAFFFFABRRRQAUUUUAFB6UUUANoNFFACU09RRRQAh702iimAw9aaaKKBjDTTRRQMaaaaKKBh3pPWiikAhppoooADTTRRQAhooooGHcUGiigA9aB1oopiHdqB3oooAKKKKQBRRRQMB1pTRRQLqHaloooAU0dxRRQMU9acOlFFADhTxRRTESCpBRRTEPHUU+iipJHUUUUAFFFFABRRRQAUUUUAFFFFAH//Z\">    <span class=\"ql-cursor\">﻿</span></li></ul>'),(1139,'项目申报书','http://47.106.255.216/landslide/pdf/index/2019年度国家虚拟仿真实验教学项目申报表.pdf','项目申报书',NULL,NULL,NULL,NULL,1,NULL,2,NULL),(1140,'首页','/index.html',NULL,NULL,NULL,NULL,NULL,1,NULL,1,NULL);

/*Table structure for table `t_video` */

DROP TABLE IF EXISTS `t_video`;

CREATE TABLE `t_video` (
  `id` int(10) NOT NULL AUTO_INCREMENT COMMENT '主键',
  `systematics` varchar(25) DEFAULT NULL COMMENT '分类',
  `description` varchar(1000) DEFAULT NULL COMMENT '简介',
  `manager` varchar(500) DEFAULT NULL COMMENT '项目负责人',
  `period` varchar(500) DEFAULT NULL COMMENT '学时',
  `step_count` varchar(500) DEFAULT NULL COMMENT '实验步骤',
  `video_url` varchar(500) DEFAULT NULL COMMENT '实验视频',
  `create_time` datetime DEFAULT NULL COMMENT '创建时间',
  `create_user` varchar(20) DEFAULT NULL COMMENT '创建人',
  `update_time` datetime DEFAULT NULL COMMENT '更新时间',
  `update_user` varchar(20) DEFAULT NULL COMMENT '更新人',
  `school_id` int(10) DEFAULT '1' COMMENT '学校ID',
  `sort` tinyint(3) DEFAULT NULL COMMENT '排序',
  PRIMARY KEY (`id`)
) ENGINE=InnoDB AUTO_INCREMENT=3 DEFAULT CHARSET=utf8;

/*Data for the table `t_video` */

insert  into `t_video`(`id`,`systematics`,`description`,`manager`,`period`,`step_count`,`video_url`,`create_time`,`create_user`,`update_time`,`update_user`,`school_id`,`sort`) values (1,'土木工程','本实验以滑坡地质灾害及其综合防治为虚拟仿真对象，通过虚拟仿真技术重现滑坡的发生过程及其细部特征，供学生学习滑坡 特征的认识、识别及工程治理。实验内容主要分为滑坡的基本知识点、滑坡的虚拟仿真及实验结果测验三部分。其中对于滑坡 的机理和滑动过程进行了细致的仿真，滑坡面、滑坡台阶、滑坡裂缝（张拉、剪切）、醉林等滑坡特征点均具有较高仿真程度， 能让学生直观地观察滑坡发生的整个过程。','郑先昌','2','66','http://47.106.255.216/landslide/mp4/滑坡项目简介视频.mp4','2020-10-02 17:46:16','zhuang','2020-10-02 17:46:24','zhuang',1,1),(2,'土木工程','本实验以滑坡地质灾害及其综合防治为虚拟仿真对象，通过虚拟仿真技术重现滑坡的发生过程及其细部特征，供学生学习滑坡 特征的认识、识别及工程治理。实验内容主要分为滑坡的基本知识点、滑坡的虚拟仿真及实验结果测验三部分。其中对于滑坡 的机理和滑动过程进行了细致的仿真，滑坡面、滑坡台阶、滑坡裂缝（张拉、剪切）、醉林等滑坡特征点均具有较高仿真程度， 能让学生直观地观察滑坡发生的整个过程。','郑先昌','2','66','http://47.106.255.216/landslide/mp4/滑坡项目简介视频.mp4','2020-10-02 17:46:16','zhuang','2020-10-02 17:46:24','zhuang',1,2);

/*!40101 SET SQL_MODE=@OLD_SQL_MODE */;
/*!40014 SET FOREIGN_KEY_CHECKS=@OLD_FOREIGN_KEY_CHECKS */;
/*!40014 SET UNIQUE_CHECKS=@OLD_UNIQUE_CHECKS */;
/*!40111 SET SQL_NOTES=@OLD_SQL_NOTES */;
